<?xml version="1.0" encoding="UTF-8" ?>
<!DOCTYPE mapper PUBLIC "-//mybatis.org//DTD Mapper 3.0//EN" "http://mybatis.org/dtd/mybatis-3-mapper.dtd" >
<mapper namespace="cn.xtesiro.mapps.mapper.AccesslogMapper" >
  <resultMap id="BaseResultMap" type="cn.xtesiro.mapps.entity.Accesslog" >
    <result column="id" property="id" jdbcType="VARCHAR" />
    <result column="memberid" property="memberid" jdbcType="VARCHAR" />
    <result column="labid" property="labid" jdbcType="VARCHAR" />
    <result column="entryTime" property="entryTime" jdbcType="TIMESTAMP" />
    <result column="outtime" property="outtime" jdbcType="TIMESTAMP" />
  </resultMap>
  <insert id="insert" parameterType="cn.xtesiro.mapps.entity.Accesslog" >
    insert into accesslog (id, memberid, labid, 
      entryTime, outtime)
    values (#{id,jdbcType=VARCHAR}, #{memberid,jdbcType=VARCHAR}, #{labid,jdbcType=VARCHAR}, 
      #{entryTime,jdbcType=TIMESTAMP}, #{outtime,jdbcType=TIMESTAMP})
  </insert>
  <insert id="insertSelective" parameterType="cn.xtesiro.mapps.entity.Accesslog" >
    insert into accesslog
    <trim prefix="(" suffix=")" suffixOverrides="," >
      <if test="id != null" >
        id,
      </if>
      <if test="memberid != null" >
        memberid,
      </if>
      <if test="labid != null" >
        labid,
      </if>
      <if test="entryTime != null" >
        entryTime,
      </if>
      <if test="outtime != null" >
        outtime,
      </if>
    </trim>
    <trim prefix="values (" suffix=")" suffixOverrides="," >
      <if test="id != null" >
        #{id,jdbcType=VARCHAR},
      </if>
      <if test="memberid != null" >
        #{memberid,jdbcType=VARCHAR},
      </if>
      <if test="labid != null" >
        #{labid,jdbcType=VARCHAR},
      </if>
      <if test="entryTime != null" >
        #{entryTime,jdbcType=TIMESTAMP},
      </if>
      <if test="outtime != null" >
        #{outtime,jdbcType=TIMESTAMP},
      </if>
    </trim>
  </insert>
</mapper>