<?xml version="1.0" encoding="UTF-8" ?>
<!DOCTYPE mapper PUBLIC "-//mybatis.org//DTD Mapper 3.0//EN" "http://mybatis.org/dtd/mybatis-3-mapper.dtd" >
<mapper namespace="cn.xtesiro.mapps.mapper.CommRescMapper" >
  <resultMap id="BaseResultMap" type="cn.xtesiro.mapps.entity.CommResc" >
    <id column="id" property="id" jdbcType="VARCHAR" />
    <result column="descn" property="descn" jdbcType="VARCHAR" />
    <result column="name" property="name" jdbcType="VARCHAR" />
    <result column="presc" property="presc" jdbcType="VARCHAR" />
    <result column="priority" property="priority" jdbcType="VARCHAR" />
    <result column="res_code" property="res_code" jdbcType="VARCHAR" />
    <result column="res_string" property="res_string" jdbcType="VARCHAR" />
    <result column="res_type" property="res_type" jdbcType="VARCHAR" />
  </resultMap>
  <sql id="Base_Column_List" >
    id, descn, name, presc, priority, res_code, res_string, res_type
  </sql>
  <select id="selectByPrimaryKey" resultMap="BaseResultMap" parameterType="java.lang.String" >
    select 
    <include refid="Base_Column_List" />
    from comm_resc
    where id = #{id,jdbcType=VARCHAR}
  </select>
  <delete id="deleteByPrimaryKey" parameterType="java.lang.String" >
    delete from comm_resc
    where id = #{id,jdbcType=VARCHAR}
  </delete>
  <insert id="insert" parameterType="cn.xtesiro.mapps.entity.CommResc" >
    insert into comm_resc (id, descn, name, 
      presc, priority, res_code, 
      res_string, res_type)
    values (#{id,jdbcType=VARCHAR}, #{descn,jdbcType=VARCHAR}, #{name,jdbcType=VARCHAR}, 
      #{presc,jdbcType=VARCHAR}, #{priority,jdbcType=VARCHAR}, #{res_code,jdbcType=VARCHAR}, 
      #{res_string,jdbcType=VARCHAR}, #{res_type,jdbcType=VARCHAR})
  </insert>
  <insert id="insertSelective" parameterType="cn.xtesiro.mapps.entity.CommResc" >
    insert into comm_resc
    <trim prefix="(" suffix=")" suffixOverrides="," >
      <if test="id != null" >
        id,
      </if>
      <if test="descn != null" >
        descn,
      </if>
      <if test="name != null" >
        name,
      </if>
      <if test="presc != null" >
        presc,
      </if>
      <if test="priority != null" >
        priority,
      </if>
      <if test="res_code != null" >
        res_code,
      </if>
      <if test="res_string != null" >
        res_string,
      </if>
      <if test="res_type != null" >
        res_type,
      </if>
    </trim>
    <trim prefix="values (" suffix=")" suffixOverrides="," >
      <if test="id != null" >
        #{id,jdbcType=VARCHAR},
      </if>
      <if test="descn != null" >
        #{descn,jdbcType=VARCHAR},
      </if>
      <if test="name != null" >
        #{name,jdbcType=VARCHAR},
      </if>
      <if test="presc != null" >
        #{presc,jdbcType=VARCHAR},
      </if>
      <if test="priority != null" >
        #{priority,jdbcType=VARCHAR},
      </if>
      <if test="res_code != null" >
        #{res_code,jdbcType=VARCHAR},
      </if>
      <if test="res_string != null" >
        #{res_string,jdbcType=VARCHAR},
      </if>
      <if test="res_type != null" >
        #{res_type,jdbcType=VARCHAR},
      </if>
    </trim>
  </insert>
  <update id="updateByPrimaryKeySelective" parameterType="cn.xtesiro.mapps.entity.CommResc" >
    update comm_resc
    <set >
      <if test="descn != null" >
        descn = #{descn,jdbcType=VARCHAR},
      </if>
      <if test="name != null" >
        name = #{name,jdbcType=VARCHAR},
      </if>
      <if test="presc != null" >
        presc = #{presc,jdbcType=VARCHAR},
      </if>
      <if test="priority != null" >
        priority = #{priority,jdbcType=VARCHAR},
      </if>
      <if test="res_code != null" >
        res_code = #{res_code,jdbcType=VARCHAR},
      </if>
      <if test="res_string != null" >
        res_string = #{res_string,jdbcType=VARCHAR},
      </if>
      <if test="res_type != null" >
        res_type = #{res_type,jdbcType=VARCHAR},
      </if>
    </set>
    where id = #{id,jdbcType=VARCHAR}
  </update>
  <update id="updateByPrimaryKey" parameterType="cn.xtesiro.mapps.entity.CommResc" >
    update comm_resc
    set descn = #{descn,jdbcType=VARCHAR},
      name = #{name,jdbcType=VARCHAR},
      presc = #{presc,jdbcType=VARCHAR},
      priority = #{priority,jdbcType=VARCHAR},
      res_code = #{res_code,jdbcType=VARCHAR},
      res_string = #{res_string,jdbcType=VARCHAR},
      res_type = #{res_type,jdbcType=VARCHAR}
    where id = #{id,jdbcType=VARCHAR}
  </update>
</mapper>