<?xml version="1.0" encoding="UTF-8" ?>
<!DOCTYPE mapper PUBLIC "-//mybatis.org//DTD Mapper 3.0//EN" "http://mybatis.org/dtd/mybatis-3-mapper.dtd" >
<mapper namespace="cn.xtesiro.mapps.mapper.CommRoleMapper" >
  <resultMap id="BaseResultMap" type="cn.xtesiro.mapps.entity.CommRole" >
    <id column="id" property="id" jdbcType="VARCHAR" />
    <result column="descn" property="descn" jdbcType="VARCHAR" />
    <result column="name" property="name" jdbcType="VARCHAR" />
  </resultMap>
  <sql id="Base_Column_List" >
    id, descn, name
  </sql>
  <select id="selectByPrimaryKey" resultMap="BaseResultMap" parameterType="java.lang.String" >
    select 
    <include refid="Base_Column_List" />
    from comm_role
    where id = #{id,jdbcType=VARCHAR}
  </select>
  <delete id="deleteByPrimaryKey" parameterType="java.lang.String" >
    delete from comm_role
    where id = #{id,jdbcType=VARCHAR}
  </delete>
  <insert id="insert" parameterType="cn.xtesiro.mapps.entity.CommRole" >
    insert into comm_role (id, descn, name
      )
    values (#{id,jdbcType=VARCHAR}, #{descn,jdbcType=VARCHAR}, #{name,jdbcType=VARCHAR}
      )
  </insert>
  <insert id="insertSelective" parameterType="cn.xtesiro.mapps.entity.CommRole" >
    insert into comm_role
    <trim prefix="(" suffix=")" suffixOverrides="," >
      <if test="id != null" >
        id,
      </if>
      <if test="descn != null" >
        descn,
      </if>
      <if test="name != null" >
        name,
      </if>
    </trim>
    <trim prefix="values (" suffix=")" suffixOverrides="," >
      <if test="id != null" >
        #{id,jdbcType=VARCHAR},
      </if>
      <if test="descn != null" >
        #{descn,jdbcType=VARCHAR},
      </if>
      <if test="name != null" >
        #{name,jdbcType=VARCHAR},
      </if>
    </trim>
  </insert>
  <update id="updateByPrimaryKeySelective" parameterType="cn.xtesiro.mapps.entity.CommRole" >
    update comm_role
    <set >
      <if test="descn != null" >
        descn = #{descn,jdbcType=VARCHAR},
      </if>
      <if test="name != null" >
        name = #{name,jdbcType=VARCHAR},
      </if>
    </set>
    where id = #{id,jdbcType=VARCHAR}
  </update>
  <update id="updateByPrimaryKey" parameterType="cn.xtesiro.mapps.entity.CommRole" >
    update comm_role
    set descn = #{descn,jdbcType=VARCHAR},
      name = #{name,jdbcType=VARCHAR}
    where id = #{id,jdbcType=VARCHAR}
  </update>
</mapper>