<?xml version="1.0" encoding="UTF-8" ?>
<!DOCTYPE mapper PUBLIC "-//mybatis.org//DTD Mapper 3.0//EN" "http://mybatis.org/dtd/mybatis-3-mapper.dtd" >
<mapper namespace="cn.xtesiro.mapps.mapper.CommUsergroupMapper" >
  <resultMap id="BaseResultMap" type="cn.xtesiro.mapps.entity.CommUsergroup" >
    <id column="id" property="id" jdbcType="VARCHAR" />
    <result column="groupName" property="groupName" jdbcType="VARCHAR" />
    <result column="isDelete" property="isDelete" jdbcType="INTEGER" />
  </resultMap>
  <sql id="Base_Column_List" >
    id, groupName, isDelete
  </sql>
  <select id="selectByPrimaryKey" resultMap="BaseResultMap" parameterType="java.lang.String" >
    select 
    <include refid="Base_Column_List" />
    from comm_usergroup
    where id = #{id,jdbcType=VARCHAR}
  </select>
  <delete id="deleteByPrimaryKey" parameterType="java.lang.String" >
    delete from comm_usergroup
    where id = #{id,jdbcType=VARCHAR}
  </delete>
  <insert id="insert" parameterType="cn.xtesiro.mapps.entity.CommUsergroup" >
    insert into comm_usergroup (id, groupName, isDelete
      )
    values (#{id,jdbcType=VARCHAR}, #{groupName,jdbcType=VARCHAR}, #{isDelete,jdbcType=INTEGER}
      )
  </insert>
  <insert id="insertSelective" parameterType="cn.xtesiro.mapps.entity.CommUsergroup" >
    insert into comm_usergroup
    <trim prefix="(" suffix=")" suffixOverrides="," >
      <if test="id != null" >
        id,
      </if>
      <if test="groupName != null" >
        groupName,
      </if>
      <if test="isDelete != null" >
        isDelete,
      </if>
    </trim>
    <trim prefix="values (" suffix=")" suffixOverrides="," >
      <if test="id != null" >
        #{id,jdbcType=VARCHAR},
      </if>
      <if test="groupName != null" >
        #{groupName,jdbcType=VARCHAR},
      </if>
      <if test="isDelete != null" >
        #{isDelete,jdbcType=INTEGER},
      </if>
    </trim>
  </insert>
  <update id="updateByPrimaryKeySelective" parameterType="cn.xtesiro.mapps.entity.CommUsergroup" >
    update comm_usergroup
    <set >
      <if test="groupName != null" >
        groupName = #{groupName,jdbcType=VARCHAR},
      </if>
      <if test="isDelete != null" >
        isDelete = #{isDelete,jdbcType=INTEGER},
      </if>
    </set>
    where id = #{id,jdbcType=VARCHAR}
  </update>
  <update id="updateByPrimaryKey" parameterType="cn.xtesiro.mapps.entity.CommUsergroup" >
    update comm_usergroup
    set groupName = #{groupName,jdbcType=VARCHAR},
      isDelete = #{isDelete,jdbcType=INTEGER}
    where id = #{id,jdbcType=VARCHAR}
  </update>
</mapper>