<?xml version="1.0" encoding="UTF-8" ?>
<!DOCTYPE mapper PUBLIC "-//mybatis.org//DTD Mapper 3.0//EN" "http://mybatis.org/dtd/mybatis-3-mapper.dtd" >
<mapper namespace="cn.xtesiro.mapps.mapper.CommUserRoleMapper" >
  <resultMap id="BaseResultMap" type="cn.xtesiro.mapps.entity.CommUserRole" >
    <result column="user_id" property="user_id" jdbcType="VARCHAR" />
    <result column="role_id" property="role_id" jdbcType="VARCHAR" />
  </resultMap>
  <insert id="insert" parameterType="cn.xtesiro.mapps.entity.CommUserRole" >
    insert into comm_user_role (user_id, role_id)
    values (#{user_id,jdbcType=VARCHAR}, #{role_id,jdbcType=VARCHAR})
  </insert>
  <insert id="insertSelective" parameterType="cn.xtesiro.mapps.entity.CommUserRole" >
    insert into comm_user_role
    <trim prefix="(" suffix=")" suffixOverrides="," >
      <if test="user_id != null" >
        user_id,
      </if>
      <if test="role_id != null" >
        role_id,
      </if>
    </trim>
    <trim prefix="values (" suffix=")" suffixOverrides="," >
      <if test="user_id != null" >
        #{user_id,jdbcType=VARCHAR},
      </if>
      <if test="role_id != null" >
        #{role_id,jdbcType=VARCHAR},
      </if>
    </trim>
  </insert>
</mapper>