<?xml version="1.0" encoding="UTF-8" ?>
<!DOCTYPE mapper PUBLIC "-//mybatis.org//DTD Mapper 3.0//EN" "http://mybatis.org/dtd/mybatis-3-mapper.dtd" >
<mapper namespace="cn.xtesiro.mapps.mapper.CommRescRoleMapper" >
  <resultMap id="BaseResultMap" type="cn.xtesiro.mapps.entity.CommRescRole" >
    <result column="role_id" property="role_id" jdbcType="VARCHAR" />
    <result column="resc_id" property="resc_id" jdbcType="VARCHAR" />
  </resultMap>
  <insert id="insert" parameterType="cn.xtesiro.mapps.entity.CommRescRole" >
    insert into comm_resc_role (role_id, resc_id)
    values (#{role_id,jdbcType=VARCHAR}, #{resc_id,jdbcType=VARCHAR})
  </insert>
  <insert id="insertSelective" parameterType="cn.xtesiro.mapps.entity.CommRescRole" >
    insert into comm_resc_role
    <trim prefix="(" suffix=")" suffixOverrides="," >
      <if test="role_id != null" >
        role_id,
      </if>
      <if test="resc_id != null" >
        resc_id,
      </if>
    </trim>
    <trim prefix="values (" suffix=")" suffixOverrides="," >
      <if test="role_id != null" >
        #{role_id,jdbcType=VARCHAR},
      </if>
      <if test="resc_id != null" >
        #{resc_id,jdbcType=VARCHAR},
      </if>
    </trim>
  </insert>
</mapper>