<?xml version="1.0" encoding="UTF-8" ?>
<!DOCTYPE mapper PUBLIC "-//mybatis.org//DTD Mapper 3.0//EN" "http://mybatis.org/dtd/mybatis-3-mapper.dtd" >
<mapper namespace="cn.xtesiro.mapps.mapper.DbbackupMapper" >
  <resultMap id="BaseResultMap" type="cn.xtesiro.mapps.entity.Dbbackup" >
    <result column="id" property="id" jdbcType="VARCHAR" />
    <result column="selectType" property="selectType" jdbcType="VARCHAR" />
    <result column="period" property="period" jdbcType="VARCHAR" />
    <result column="startHour" property="startHour" jdbcType="VARCHAR" />
    <result column="startMin" property="startMin" jdbcType="VARCHAR" />
    <result column="startWeekDay" property="startWeekDay" jdbcType="VARCHAR" />
    <result column="startDay" property="startDay" jdbcType="VARCHAR" />
  </resultMap>
  <insert id="insert" parameterType="cn.xtesiro.mapps.entity.Dbbackup" >
    insert into dbbackup (id, selectType, period, 
      startHour, startMin, startWeekDay, 
      startDay)
    values (#{id,jdbcType=VARCHAR}, #{selectType,jdbcType=VARCHAR}, #{period,jdbcType=VARCHAR}, 
      #{startHour,jdbcType=VARCHAR}, #{startMin,jdbcType=VARCHAR}, #{startWeekDay,jdbcType=VARCHAR}, 
      #{startDay,jdbcType=VARCHAR})
  </insert>
  <insert id="insertSelective" parameterType="cn.xtesiro.mapps.entity.Dbbackup" >
    insert into dbbackup
    <trim prefix="(" suffix=")" suffixOverrides="," >
      <if test="id != null" >
        id,
      </if>
      <if test="selectType != null" >
        selectType,
      </if>
      <if test="period != null" >
        period,
      </if>
      <if test="startHour != null" >
        startHour,
      </if>
      <if test="startMin != null" >
        startMin,
      </if>
      <if test="startWeekDay != null" >
        startWeekDay,
      </if>
      <if test="startDay != null" >
        startDay,
      </if>
    </trim>
    <trim prefix="values (" suffix=")" suffixOverrides="," >
      <if test="id != null" >
        #{id,jdbcType=VARCHAR},
      </if>
      <if test="selectType != null" >
        #{selectType,jdbcType=VARCHAR},
      </if>
      <if test="period != null" >
        #{period,jdbcType=VARCHAR},
      </if>
      <if test="startHour != null" >
        #{startHour,jdbcType=VARCHAR},
      </if>
      <if test="startMin != null" >
        #{startMin,jdbcType=VARCHAR},
      </if>
      <if test="startWeekDay != null" >
        #{startWeekDay,jdbcType=VARCHAR},
      </if>
      <if test="startDay != null" >
        #{startDay,jdbcType=VARCHAR},
      </if>
    </trim>
  </insert>
</mapper>