<?xml version="1.0" encoding="UTF-8" ?>
<!DOCTYPE mapper PUBLIC "-//mybatis.org//DTD Mapper 3.0//EN" "http://mybatis.org/dtd/mybatis-3-mapper.dtd" >
<mapper namespace="cn.xtesiro.mapps.mapper.EnterguardMapper" >
  <resultMap id="BaseResultMap" type="cn.xtesiro.mapps.entity.Enterguard" >
    <result column="id" property="id" jdbcType="VARCHAR" />
    <result column="memberid" property="memberid" jdbcType="VARCHAR" />
    <result column="labid" property="labid" jdbcType="VARCHAR" />
    <result column="startTime" property="startTime" jdbcType="TIMESTAMP" />
    <result column="endTime" property="endTime" jdbcType="TIMESTAMP" />
    <result column="lagtime" property="lagtime" jdbcType="TIMESTAMP" />
    <result column="leadtime" property="leadtime" jdbcType="TIMESTAMP" />
    <result column="isWritten" property="isWritten" jdbcType="TINYINT" />
    <result column="isFlag" property="isFlag" jdbcType="TINYINT" />
    <result column="isForcedOn" property="isForcedOn" jdbcType="TINYINT" />
    <result column="reservationid" property="reservationid" jdbcType="VARCHAR" />
  </resultMap>
  <insert id="insert" parameterType="cn.xtesiro.mapps.entity.Enterguard" >
    insert into enterguard (id, memberid, labid, 
      startTime, endTime, lagtime, 
      leadtime, isWritten, isFlag, 
      isForcedOn, reservationid)
    values (#{id,jdbcType=VARCHAR}, #{memberid,jdbcType=VARCHAR}, #{labid,jdbcType=VARCHAR}, 
      #{startTime,jdbcType=TIMESTAMP}, #{endTime,jdbcType=TIMESTAMP}, #{lagtime,jdbcType=TIMESTAMP}, 
      #{leadtime,jdbcType=TIMESTAMP}, #{isWritten,jdbcType=TINYINT}, #{isFlag,jdbcType=TINYINT}, 
      #{isForcedOn,jdbcType=TINYINT}, #{reservationid,jdbcType=VARCHAR})
  </insert>
  <insert id="insertSelective" parameterType="cn.xtesiro.mapps.entity.Enterguard" >
    insert into enterguard
    <trim prefix="(" suffix=")" suffixOverrides="," >
      <if test="id != null" >
        id,
      </if>
      <if test="memberid != null" >
        memberid,
      </if>
      <if test="labid != null" >
        labid,
      </if>
      <if test="startTime != null" >
        startTime,
      </if>
      <if test="endTime != null" >
        endTime,
      </if>
      <if test="lagtime != null" >
        lagtime,
      </if>
      <if test="leadtime != null" >
        leadtime,
      </if>
      <if test="isWritten != null" >
        isWritten,
      </if>
      <if test="isFlag != null" >
        isFlag,
      </if>
      <if test="isForcedOn != null" >
        isForcedOn,
      </if>
      <if test="reservationid != null" >
        reservationid,
      </if>
    </trim>
    <trim prefix="values (" suffix=")" suffixOverrides="," >
      <if test="id != null" >
        #{id,jdbcType=VARCHAR},
      </if>
      <if test="memberid != null" >
        #{memberid,jdbcType=VARCHAR},
      </if>
      <if test="labid != null" >
        #{labid,jdbcType=VARCHAR},
      </if>
      <if test="startTime != null" >
        #{startTime,jdbcType=TIMESTAMP},
      </if>
      <if test="endTime != null" >
        #{endTime,jdbcType=TIMESTAMP},
      </if>
      <if test="lagtime != null" >
        #{lagtime,jdbcType=TIMESTAMP},
      </if>
      <if test="leadtime != null" >
        #{leadtime,jdbcType=TIMESTAMP},
      </if>
      <if test="isWritten != null" >
        #{isWritten,jdbcType=TINYINT},
      </if>
      <if test="isFlag != null" >
        #{isFlag,jdbcType=TINYINT},
      </if>
      <if test="isForcedOn != null" >
        #{isForcedOn,jdbcType=TINYINT},
      </if>
      <if test="reservationid != null" >
        #{reservationid,jdbcType=VARCHAR},
      </if>
    </trim>
  </insert>
</mapper>