<?xml version="1.0" encoding="UTF-8" ?>
<!DOCTYPE mapper PUBLIC "-//mybatis.org//DTD Mapper 3.0//EN" "http://mybatis.org/dtd/mybatis-3-mapper.dtd" >
<mapper namespace="cn.xtesiro.mapps.mapper.EnterguardinromMapper" >
  <resultMap id="BaseResultMap" type="cn.xtesiro.mapps.entity.Enterguardinrom" >
    <result column="id" property="id" jdbcType="VARCHAR" />
    <result column="memberid" property="memberid" jdbcType="VARCHAR" />
    <result column="labid" property="labid" jdbcType="VARCHAR" />
  </resultMap>
  <insert id="insert" parameterType="cn.xtesiro.mapps.entity.Enterguardinrom" >
    insert into enterguardinrom (id, memberid, labid
      )
    values (#{id,jdbcType=VARCHAR}, #{memberid,jdbcType=VARCHAR}, #{labid,jdbcType=VARCHAR}
      )
  </insert>
  <insert id="insertSelective" parameterType="cn.xtesiro.mapps.entity.Enterguardinrom" >
    insert into enterguardinrom
    <trim prefix="(" suffix=")" suffixOverrides="," >
      <if test="id != null" >
        id,
      </if>
      <if test="memberid != null" >
        memberid,
      </if>
      <if test="labid != null" >
        labid,
      </if>
    </trim>
    <trim prefix="values (" suffix=")" suffixOverrides="," >
      <if test="id != null" >
        #{id,jdbcType=VARCHAR},
      </if>
      <if test="memberid != null" >
        #{memberid,jdbcType=VARCHAR},
      </if>
      <if test="labid != null" >
        #{labid,jdbcType=VARCHAR},
      </if>
    </trim>
  </insert>
</mapper>