<?xml version="1.0" encoding="UTF-8" ?>
<!DOCTYPE mapper PUBLIC "-//mybatis.org//DTD Mapper 3.0//EN" "http://mybatis.org/dtd/mybatis-3-mapper.dtd" >
<mapper namespace="cn.xtesiro.mapps.mapper.EnterguarddeviceMapper" >
  <resultMap id="BaseResultMap" type="cn.xtesiro.mapps.entity.Enterguarddevice" >
    <result column="id" property="id" jdbcType="VARCHAR" />
    <result column="labid" property="labid" jdbcType="VARCHAR" />
    <result column="devicesn" property="devicesn" jdbcType="VARCHAR" />
    <result column="devicetype" property="devicetype" jdbcType="TINYINT" />
    <result column="deviceprotocol" property="deviceprotocol" jdbcType="TINYINT" />
    <result column="commport" property="commport" jdbcType="TINYINT" />
    <result column="ip" property="ip" jdbcType="VARCHAR" />
    <result column="port" property="port" jdbcType="SMALLINT" />
    <result column="doorNo" property="doorNo" jdbcType="SMALLINT" />
  </resultMap>
  <insert id="insert" parameterType="cn.xtesiro.mapps.entity.Enterguarddevice" >
    insert into enterguarddevice (id, labid, devicesn, 
      devicetype, deviceprotocol, commport, 
      ip, port, doorNo)
    values (#{id,jdbcType=VARCHAR}, #{labid,jdbcType=VARCHAR}, #{devicesn,jdbcType=VARCHAR}, 
      #{devicetype,jdbcType=TINYINT}, #{deviceprotocol,jdbcType=TINYINT}, #{commport,jdbcType=TINYINT}, 
      #{ip,jdbcType=VARCHAR}, #{port,jdbcType=SMALLINT}, #{doorNo,jdbcType=SMALLINT})
  </insert>
  <insert id="insertSelective" parameterType="cn.xtesiro.mapps.entity.Enterguarddevice" >
    insert into enterguarddevice
    <trim prefix="(" suffix=")" suffixOverrides="," >
      <if test="id != null" >
        id,
      </if>
      <if test="labid != null" >
        labid,
      </if>
      <if test="devicesn != null" >
        devicesn,
      </if>
      <if test="devicetype != null" >
        devicetype,
      </if>
      <if test="deviceprotocol != null" >
        deviceprotocol,
      </if>
      <if test="commport != null" >
        commport,
      </if>
      <if test="ip != null" >
        ip,
      </if>
      <if test="port != null" >
        port,
      </if>
      <if test="doorNo != null" >
        doorNo,
      </if>
    </trim>
    <trim prefix="values (" suffix=")" suffixOverrides="," >
      <if test="id != null" >
        #{id,jdbcType=VARCHAR},
      </if>
      <if test="labid != null" >
        #{labid,jdbcType=VARCHAR},
      </if>
      <if test="devicesn != null" >
        #{devicesn,jdbcType=VARCHAR},
      </if>
      <if test="devicetype != null" >
        #{devicetype,jdbcType=TINYINT},
      </if>
      <if test="deviceprotocol != null" >
        #{deviceprotocol,jdbcType=TINYINT},
      </if>
      <if test="commport != null" >
        #{commport,jdbcType=TINYINT},
      </if>
      <if test="ip != null" >
        #{ip,jdbcType=VARCHAR},
      </if>
      <if test="port != null" >
        #{port,jdbcType=SMALLINT},
      </if>
      <if test="doorNo != null" >
        #{doorNo,jdbcType=SMALLINT},
      </if>
    </trim>
  </insert>
</mapper>