<?xml version="1.0" encoding="UTF-8" ?>
<!DOCTYPE mapper PUBLIC "-//mybatis.org//DTD Mapper 3.0//EN" "http://mybatis.org/dtd/mybatis-3-mapper.dtd" >
<mapper namespace="cn.xtesiro.mapps.mapper.LrmsSendmailMapper" >
  <resultMap id="BaseResultMap" type="cn.xtesiro.mapps.entity.LrmsSendmail" >
    <result column="id" property="id" jdbcType="VARCHAR" />
    <result column="fromId" property="fromId" jdbcType="VARCHAR" />
    <result column="letter_id" property="letter_id" jdbcType="VARCHAR" />
  </resultMap>
  <resultMap id="ResultMapWithBLOBs" type="cn.xtesiro.mapps.entity.LrmsSendmail" extends="BaseResultMap" >
    <result column="toNames" property="toNames" jdbcType="LONGVARCHAR" />
  </resultMap>
  <sql id="Blob_Column_List" >
    toNames
  </sql>
  <insert id="insert" parameterType="cn.xtesiro.mapps.entity.LrmsSendmail" >
    insert into lrms_sendmail (id, fromId, letter_id, 
      toNames)
    values (#{id,jdbcType=VARCHAR}, #{fromId,jdbcType=VARCHAR}, #{letter_id,jdbcType=VARCHAR}, 
      #{toNames,jdbcType=LONGVARCHAR})
  </insert>
  <insert id="insertSelective" parameterType="cn.xtesiro.mapps.entity.LrmsSendmail" >
    insert into lrms_sendmail
    <trim prefix="(" suffix=")" suffixOverrides="," >
      <if test="id != null" >
        id,
      </if>
      <if test="fromId != null" >
        fromId,
      </if>
      <if test="letter_id != null" >
        letter_id,
      </if>
      <if test="toNames != null" >
        toNames,
      </if>
    </trim>
    <trim prefix="values (" suffix=")" suffixOverrides="," >
      <if test="id != null" >
        #{id,jdbcType=VARCHAR},
      </if>
      <if test="fromId != null" >
        #{fromId,jdbcType=VARCHAR},
      </if>
      <if test="letter_id != null" >
        #{letter_id,jdbcType=VARCHAR},
      </if>
      <if test="toNames != null" >
        #{toNames,jdbcType=LONGVARCHAR},
      </if>
    </trim>
  </insert>
</mapper>