<?xml version="1.0" encoding="UTF-8" ?>
<!DOCTYPE mapper PUBLIC "-//mybatis.org//DTD Mapper 3.0//EN" "http://mybatis.org/dtd/mybatis-3-mapper.dtd" >
<mapper namespace="cn.xtesiro.mapps.mapper.LrmsMessageMapper" >
  <resultMap id="BaseResultMap" type="cn.xtesiro.mapps.entity.LrmsMessage" >
    <result column="id" property="id" jdbcType="VARCHAR" />
    <result column="name" property="name" jdbcType="VARCHAR" />
    <result column="time" property="time" jdbcType="TIMESTAMP" />
    <result column="title" property="title" jdbcType="VARCHAR" />
  </resultMap>
  <resultMap id="ResultMapWithBLOBs" type="cn.xtesiro.mapps.entity.LrmsMessageWithBLOBs" extends="BaseResultMap" >
    <result column="content" property="content" jdbcType="LONGVARCHAR" />
    <result column="reply" property="reply" jdbcType="LONGVARCHAR" />
  </resultMap>
  <sql id="Blob_Column_List" >
    content, reply
  </sql>
  <insert id="insert" parameterType="cn.xtesiro.mapps.entity.LrmsMessageWithBLOBs" >
    insert into lrms_message (id, name, time, 
      title, content, reply
      )
    values (#{id,jdbcType=VARCHAR}, #{name,jdbcType=VARCHAR}, #{time,jdbcType=TIMESTAMP}, 
      #{title,jdbcType=VARCHAR}, #{content,jdbcType=LONGVARCHAR}, #{reply,jdbcType=LONGVARCHAR}
      )
  </insert>
  <insert id="insertSelective" parameterType="cn.xtesiro.mapps.entity.LrmsMessageWithBLOBs" >
    insert into lrms_message
    <trim prefix="(" suffix=")" suffixOverrides="," >
      <if test="id != null" >
        id,
      </if>
      <if test="name != null" >
        name,
      </if>
      <if test="time != null" >
        time,
      </if>
      <if test="title != null" >
        title,
      </if>
      <if test="content != null" >
        content,
      </if>
      <if test="reply != null" >
        reply,
      </if>
    </trim>
    <trim prefix="values (" suffix=")" suffixOverrides="," >
      <if test="id != null" >
        #{id,jdbcType=VARCHAR},
      </if>
      <if test="name != null" >
        #{name,jdbcType=VARCHAR},
      </if>
      <if test="time != null" >
        #{time,jdbcType=TIMESTAMP},
      </if>
      <if test="title != null" >
        #{title,jdbcType=VARCHAR},
      </if>
      <if test="content != null" >
        #{content,jdbcType=LONGVARCHAR},
      </if>
      <if test="reply != null" >
        #{reply,jdbcType=LONGVARCHAR},
      </if>
    </trim>
  </insert>
</mapper>