<?xml version="1.0" encoding="UTF-8" ?>
<!DOCTYPE mapper PUBLIC "-//mybatis.org//DTD Mapper 3.0//EN" "http://mybatis.org/dtd/mybatis-3-mapper.dtd" >
<mapper namespace="cn.xtesiro.mapps.mapper.LrmsDeviceAttachmentMapper" >
  <resultMap id="BaseResultMap" type="cn.xtesiro.mapps.entity.LrmsDeviceAttachment" >
    <result column="id" property="id" jdbcType="VARCHAR" />
    <result column="deviceid" property="deviceid" jdbcType="VARCHAR" />
    <result column="filename" property="filename" jdbcType="VARCHAR" />
    <result column="type" property="type" jdbcType="VARCHAR" />
    <result column="descp" property="descp" jdbcType="VARCHAR" />
    <result column="cat" property="cat" jdbcType="VARCHAR" />
  </resultMap>
  <insert id="insert" parameterType="cn.xtesiro.mapps.entity.LrmsDeviceAttachment" >
    insert into lrms_device_attachment (id, deviceid, filename, 
      type, descp, cat)
    values (#{id,jdbcType=VARCHAR}, #{deviceid,jdbcType=VARCHAR}, #{filename,jdbcType=VARCHAR}, 
      #{type,jdbcType=VARCHAR}, #{descp,jdbcType=VARCHAR}, #{cat,jdbcType=VARCHAR})
  </insert>
  <insert id="insertSelective" parameterType="cn.xtesiro.mapps.entity.LrmsDeviceAttachment" >
    insert into lrms_device_attachment
    <trim prefix="(" suffix=")" suffixOverrides="," >
      <if test="id != null" >
        id,
      </if>
      <if test="deviceid != null" >
        deviceid,
      </if>
      <if test="filename != null" >
        filename,
      </if>
      <if test="type != null" >
        type,
      </if>
      <if test="descp != null" >
        descp,
      </if>
      <if test="cat != null" >
        cat,
      </if>
    </trim>
    <trim prefix="values (" suffix=")" suffixOverrides="," >
      <if test="id != null" >
        #{id,jdbcType=VARCHAR},
      </if>
      <if test="deviceid != null" >
        #{deviceid,jdbcType=VARCHAR},
      </if>
      <if test="filename != null" >
        #{filename,jdbcType=VARCHAR},
      </if>
      <if test="type != null" >
        #{type,jdbcType=VARCHAR},
      </if>
      <if test="descp != null" >
        #{descp,jdbcType=VARCHAR},
      </if>
      <if test="cat != null" >
        #{cat,jdbcType=VARCHAR},
      </if>
    </trim>
  </insert>
</mapper>