<?xml version="1.0" encoding="UTF-8" ?>
<!DOCTYPE mapper PUBLIC "-//mybatis.org//DTD Mapper 3.0//EN" "http://mybatis.org/dtd/mybatis-3-mapper.dtd" >
<mapper namespace="cn.xtesiro.mapps.mapper.LrmsResearvationinstrumentMapper" >
  <resultMap id="BaseResultMap" type="cn.xtesiro.mapps.entity.LrmsResearvationinstrument" >
    <result column="id" property="id" jdbcType="VARCHAR" />
    <result column="researvation_id" property="researvation_id" jdbcType="VARCHAR" />
    <result column="instrument_id" property="instrument_id" jdbcType="VARCHAR" />
  </resultMap>
  <insert id="insert" parameterType="cn.xtesiro.mapps.entity.LrmsResearvationinstrument" >
    insert into lrms_researvationinstrument (id, researvation_id, instrument_id
      )
    values (#{id,jdbcType=VARCHAR}, #{researvation_id,jdbcType=VARCHAR}, #{instrument_id,jdbcType=VARCHAR}
      )
  </insert>
  <insert id="insertSelective" parameterType="cn.xtesiro.mapps.entity.LrmsResearvationinstrument" >
    insert into lrms_researvationinstrument
    <trim prefix="(" suffix=")" suffixOverrides="," >
      <if test="id != null" >
        id,
      </if>
      <if test="researvation_id != null" >
        researvation_id,
      </if>
      <if test="instrument_id != null" >
        instrument_id,
      </if>
    </trim>
    <trim prefix="values (" suffix=")" suffixOverrides="," >
      <if test="id != null" >
        #{id,jdbcType=VARCHAR},
      </if>
      <if test="researvation_id != null" >
        #{researvation_id,jdbcType=VARCHAR},
      </if>
      <if test="instrument_id != null" >
        #{instrument_id,jdbcType=VARCHAR},
      </if>
    </trim>
  </insert>
</mapper>