<?xml version="1.0" encoding="UTF-8" ?>
<!DOCTYPE mapper PUBLIC "-//mybatis.org//DTD Mapper 3.0//EN" "http://mybatis.org/dtd/mybatis-3-mapper.dtd" >
<mapper namespace="cn.xtesiro.mapps.mapper.LrmsIncreaseorcutpointMapper" >
  <resultMap id="BaseResultMap" type="cn.xtesiro.mapps.entity.LrmsIncreaseorcutpoint" >
    <result column="id" property="id" jdbcType="VARCHAR" />
    <result column="score" property="score" jdbcType="DOUBLE" />
    <result column="member_id" property="member_id" jdbcType="VARCHAR" />
    <result column="time" property="time" jdbcType="TIMESTAMP" />
  </resultMap>
  <resultMap id="ResultMapWithBLOBs" type="cn.xtesiro.mapps.entity.LrmsIncreaseorcutpoint" extends="BaseResultMap" >
    <result column="reason" property="reason" jdbcType="LONGVARCHAR" />
  </resultMap>
  <sql id="Blob_Column_List" >
    reason
  </sql>
  <insert id="insert" parameterType="cn.xtesiro.mapps.entity.LrmsIncreaseorcutpoint" >
    insert into lrms_increaseorcutpoint (id, score, member_id, 
      time, reason)
    values (#{id,jdbcType=VARCHAR}, #{score,jdbcType=DOUBLE}, #{member_id,jdbcType=VARCHAR}, 
      #{time,jdbcType=TIMESTAMP}, #{reason,jdbcType=LONGVARCHAR})
  </insert>
  <insert id="insertSelective" parameterType="cn.xtesiro.mapps.entity.LrmsIncreaseorcutpoint" >
    insert into lrms_increaseorcutpoint
    <trim prefix="(" suffix=")" suffixOverrides="," >
      <if test="id != null" >
        id,
      </if>
      <if test="score != null" >
        score,
      </if>
      <if test="member_id != null" >
        member_id,
      </if>
      <if test="time != null" >
        time,
      </if>
      <if test="reason != null" >
        reason,
      </if>
    </trim>
    <trim prefix="values (" suffix=")" suffixOverrides="," >
      <if test="id != null" >
        #{id,jdbcType=VARCHAR},
      </if>
      <if test="score != null" >
        #{score,jdbcType=DOUBLE},
      </if>
      <if test="member_id != null" >
        #{member_id,jdbcType=VARCHAR},
      </if>
      <if test="time != null" >
        #{time,jdbcType=TIMESTAMP},
      </if>
      <if test="reason != null" >
        #{reason,jdbcType=LONGVARCHAR},
      </if>
    </trim>
  </insert>
</mapper>