<?xml version="1.0" encoding="UTF-8" ?>
<!DOCTYPE mapper PUBLIC "-//mybatis.org//DTD Mapper 3.0//EN" "http://mybatis.org/dtd/mybatis-3-mapper.dtd" >
<mapper namespace="cn.xtesiro.mapps.mapper.LrmsQuestionMapper" >
  <resultMap id="BaseResultMap" type="cn.xtesiro.mapps.entity.LrmsQuestion" >
    <result column="id" property="id" jdbcType="VARCHAR" />
    <result column="title" property="title" jdbcType="VARCHAR" />
    <result column="optionA" property="optionA" jdbcType="VARCHAR" />
    <result column="optionB" property="optionB" jdbcType="VARCHAR" />
    <result column="optionC" property="optionC" jdbcType="VARCHAR" />
    <result column="optionD" property="optionD" jdbcType="VARCHAR" />
    <result column="answer" property="answer" jdbcType="VARCHAR" />
  </resultMap>
  <resultMap id="ResultMapWithBLOBs" type="cn.xtesiro.mapps.entity.LrmsQuestion" extends="BaseResultMap" >
    <result column="parse" property="parse" jdbcType="LONGVARCHAR" />
  </resultMap>
  <sql id="Blob_Column_List" >
    parse
  </sql>
  <insert id="insert" parameterType="cn.xtesiro.mapps.entity.LrmsQuestion" >
    insert into lrms_question (id, title, optionA, 
      optionB, optionC, optionD, 
      answer, parse)
    values (#{id,jdbcType=VARCHAR}, #{title,jdbcType=VARCHAR}, #{optionA,jdbcType=VARCHAR}, 
      #{optionB,jdbcType=VARCHAR}, #{optionC,jdbcType=VARCHAR}, #{optionD,jdbcType=VARCHAR}, 
      #{answer,jdbcType=VARCHAR}, #{parse,jdbcType=LONGVARCHAR})
  </insert>
  <insert id="insertSelective" parameterType="cn.xtesiro.mapps.entity.LrmsQuestion" >
    insert into lrms_question
    <trim prefix="(" suffix=")" suffixOverrides="," >
      <if test="id != null" >
        id,
      </if>
      <if test="title != null" >
        title,
      </if>
      <if test="optionA != null" >
        optionA,
      </if>
      <if test="optionB != null" >
        optionB,
      </if>
      <if test="optionC != null" >
        optionC,
      </if>
      <if test="optionD != null" >
        optionD,
      </if>
      <if test="answer != null" >
        answer,
      </if>
      <if test="parse != null" >
        parse,
      </if>
    </trim>
    <trim prefix="values (" suffix=")" suffixOverrides="," >
      <if test="id != null" >
        #{id,jdbcType=VARCHAR},
      </if>
      <if test="title != null" >
        #{title,jdbcType=VARCHAR},
      </if>
      <if test="optionA != null" >
        #{optionA,jdbcType=VARCHAR},
      </if>
      <if test="optionB != null" >
        #{optionB,jdbcType=VARCHAR},
      </if>
      <if test="optionC != null" >
        #{optionC,jdbcType=VARCHAR},
      </if>
      <if test="optionD != null" >
        #{optionD,jdbcType=VARCHAR},
      </if>
      <if test="answer != null" >
        #{answer,jdbcType=VARCHAR},
      </if>
      <if test="parse != null" >
        #{parse,jdbcType=LONGVARCHAR},
      </if>
    </trim>
  </insert>
</mapper>