<?xml version="1.0" encoding="UTF-8" ?>
<!DOCTYPE mapper PUBLIC "-//mybatis.org//DTD Mapper 3.0//EN" "http://mybatis.org/dtd/mybatis-3-mapper.dtd" >
<mapper namespace="cn.xtesiro.mapps.mapper.LrmsRegistrationinfoMapper" >
  <resultMap id="BaseResultMap" type="cn.xtesiro.mapps.entity.LrmsRegistrationinfo" >
    <result column="id" property="id" jdbcType="VARCHAR" />
    <result column="fieldCode" property="fieldCode" jdbcType="VARCHAR" />
    <result column="fieldName" property="fieldName" jdbcType="VARCHAR" />
    <result column="isOpen" property="isOpen" jdbcType="INTEGER" />
    <result column="tableName" property="tableName" jdbcType="VARCHAR" />
  </resultMap>
  <insert id="insert" parameterType="cn.xtesiro.mapps.entity.LrmsRegistrationinfo" >
    insert into lrms_registrationinfo (id, fieldCode, fieldName, 
      isOpen, tableName)
    values (#{id,jdbcType=VARCHAR}, #{fieldCode,jdbcType=VARCHAR}, #{fieldName,jdbcType=VARCHAR}, 
      #{isOpen,jdbcType=INTEGER}, #{tableName,jdbcType=VARCHAR})
  </insert>
  <insert id="insertSelective" parameterType="cn.xtesiro.mapps.entity.LrmsRegistrationinfo" >
    insert into lrms_registrationinfo
    <trim prefix="(" suffix=")" suffixOverrides="," >
      <if test="id != null" >
        id,
      </if>
      <if test="fieldCode != null" >
        fieldCode,
      </if>
      <if test="fieldName != null" >
        fieldName,
      </if>
      <if test="isOpen != null" >
        isOpen,
      </if>
      <if test="tableName != null" >
        tableName,
      </if>
    </trim>
    <trim prefix="values (" suffix=")" suffixOverrides="," >
      <if test="id != null" >
        #{id,jdbcType=VARCHAR},
      </if>
      <if test="fieldCode != null" >
        #{fieldCode,jdbcType=VARCHAR},
      </if>
      <if test="fieldName != null" >
        #{fieldName,jdbcType=VARCHAR},
      </if>
      <if test="isOpen != null" >
        #{isOpen,jdbcType=INTEGER},
      </if>
      <if test="tableName != null" >
        #{tableName,jdbcType=VARCHAR},
      </if>
    </trim>
  </insert>
</mapper>