<?xml version="1.0" encoding="UTF-8" ?>
<!DOCTYPE mapper PUBLIC "-//mybatis.org//DTD Mapper 3.0//EN" "http://mybatis.org/dtd/mybatis-3-mapper.dtd" >
<mapper namespace="cn.xtesiro.mapps.mapper.LrmsAccessControlRecordMapper" >
  <resultMap id="BaseResultMap" type="cn.xtesiro.mapps.entity.LrmsAccessControlRecord" >
    <result column="id" property="id" jdbcType="VARCHAR" />
    <result column="sn" property="sn" jdbcType="VARCHAR" />
    <result column="record_index" property="record_index" jdbcType="INTEGER" />
    <result column="record_type" property="record_type" jdbcType="TINYINT" />
    <result column="record_result" property="record_result" jdbcType="TINYINT" />
    <result column="doorno" property="doorno" jdbcType="TINYINT" />
    <result column="direction" property="direction" jdbcType="TINYINT" />
    <result column="cardno" property="cardno" jdbcType="VARCHAR" />
    <result column="record_accesstime" property="record_accesstime" jdbcType="TIMESTAMP" />
    <result column="record_errorcode" property="record_errorcode" jdbcType="TINYINT" />
    <result column="batch_id" property="batch_id" jdbcType="VARCHAR" />
  </resultMap>
  <insert id="insert" parameterType="cn.xtesiro.mapps.entity.LrmsAccessControlRecord" >
    insert into lrms_access_control_record (id, sn, record_index, 
      record_type, record_result, doorno, 
      direction, cardno, record_accesstime, 
      record_errorcode, batch_id)
    values (#{id,jdbcType=VARCHAR}, #{sn,jdbcType=VARCHAR}, #{record_index,jdbcType=INTEGER}, 
      #{record_type,jdbcType=TINYINT}, #{record_result,jdbcType=TINYINT}, #{doorno,jdbcType=TINYINT}, 
      #{direction,jdbcType=TINYINT}, #{cardno,jdbcType=VARCHAR}, #{record_accesstime,jdbcType=TIMESTAMP}, 
      #{record_errorcode,jdbcType=TINYINT}, #{batch_id,jdbcType=VARCHAR})
  </insert>
  <insert id="insertSelective" parameterType="cn.xtesiro.mapps.entity.LrmsAccessControlRecord" >
    insert into lrms_access_control_record
    <trim prefix="(" suffix=")" suffixOverrides="," >
      <if test="id != null" >
        id,
      </if>
      <if test="sn != null" >
        sn,
      </if>
      <if test="record_index != null" >
        record_index,
      </if>
      <if test="record_type != null" >
        record_type,
      </if>
      <if test="record_result != null" >
        record_result,
      </if>
      <if test="doorno != null" >
        doorno,
      </if>
      <if test="direction != null" >
        direction,
      </if>
      <if test="cardno != null" >
        cardno,
      </if>
      <if test="record_accesstime != null" >
        record_accesstime,
      </if>
      <if test="record_errorcode != null" >
        record_errorcode,
      </if>
      <if test="batch_id != null" >
        batch_id,
      </if>
    </trim>
    <trim prefix="values (" suffix=")" suffixOverrides="," >
      <if test="id != null" >
        #{id,jdbcType=VARCHAR},
      </if>
      <if test="sn != null" >
        #{sn,jdbcType=VARCHAR},
      </if>
      <if test="record_index != null" >
        #{record_index,jdbcType=INTEGER},
      </if>
      <if test="record_type != null" >
        #{record_type,jdbcType=TINYINT},
      </if>
      <if test="record_result != null" >
        #{record_result,jdbcType=TINYINT},
      </if>
      <if test="doorno != null" >
        #{doorno,jdbcType=TINYINT},
      </if>
      <if test="direction != null" >
        #{direction,jdbcType=TINYINT},
      </if>
      <if test="cardno != null" >
        #{cardno,jdbcType=VARCHAR},
      </if>
      <if test="record_accesstime != null" >
        #{record_accesstime,jdbcType=TIMESTAMP},
      </if>
      <if test="record_errorcode != null" >
        #{record_errorcode,jdbcType=TINYINT},
      </if>
      <if test="batch_id != null" >
        #{batch_id,jdbcType=VARCHAR},
      </if>
    </trim>
  </insert>
</mapper>