<?xml version="1.0" encoding="UTF-8" ?>
<!DOCTYPE mapper PUBLIC "-//mybatis.org//DTD Mapper 3.0//EN" "http://mybatis.org/dtd/mybatis-3-mapper.dtd" >
<mapper namespace="cn.xtesiro.mapps.mapper.LrmsAttachmentMapper" >
  <resultMap id="BaseResultMap" type="cn.xtesiro.mapps.entity.LrmsAttachment" >
    <result column="id" property="id" jdbcType="VARCHAR" />
    <result column="attachmentName" property="attachmentName" jdbcType="VARCHAR" />
    <result column="artile_id" property="artile_id" jdbcType="VARCHAR" />
  </resultMap>
  <insert id="insert" parameterType="cn.xtesiro.mapps.entity.LrmsAttachment" >
    insert into lrms_attachment (id, attachmentName, artile_id
      )
    values (#{id,jdbcType=VARCHAR}, #{attachmentName,jdbcType=VARCHAR}, #{artile_id,jdbcType=VARCHAR}
      )
  </insert>
  <insert id="insertSelective" parameterType="cn.xtesiro.mapps.entity.LrmsAttachment" >
    insert into lrms_attachment
    <trim prefix="(" suffix=")" suffixOverrides="," >
      <if test="id != null" >
        id,
      </if>
      <if test="attachmentName != null" >
        attachmentName,
      </if>
      <if test="artile_id != null" >
        artile_id,
      </if>
    </trim>
    <trim prefix="values (" suffix=")" suffixOverrides="," >
      <if test="id != null" >
        #{id,jdbcType=VARCHAR},
      </if>
      <if test="attachmentName != null" >
        #{attachmentName,jdbcType=VARCHAR},
      </if>
      <if test="artile_id != null" >
        #{artile_id,jdbcType=VARCHAR},
      </if>
    </trim>
  </insert>
</mapper>