<?xml version="1.0" encoding="UTF-8" ?>
<!DOCTYPE mapper PUBLIC "-//mybatis.org//DTD Mapper 3.0//EN" "http://mybatis.org/dtd/mybatis-3-mapper.dtd" >
<mapper namespace="cn.xtesiro.mapps.mapper.LrmsLabMapper" >
  <resultMap id="BaseResultMap" type="cn.xtesiro.mapps.entity.LrmsLab" >
    <result column="id" property="id" jdbcType="VARCHAR" />
    <result column="labName" property="labName" jdbcType="VARCHAR" />
    <result column="location" property="location" jdbcType="VARCHAR" />
    <result column="member_id" property="member_id" jdbcType="VARCHAR" />
    <result column="isDelete" property="isDelete" jdbcType="INTEGER" />
    <result column="ctrl_id" property="ctrl_id" jdbcType="VARCHAR" />
  </resultMap>
  <insert id="insert" parameterType="cn.xtesiro.mapps.entity.LrmsLab" >
    insert into lrms_lab (id, labName, location, 
      member_id, isDelete, ctrl_id
      )
    values (#{id,jdbcType=VARCHAR}, #{labName,jdbcType=VARCHAR}, #{location,jdbcType=VARCHAR}, 
      #{member_id,jdbcType=VARCHAR}, #{isDelete,jdbcType=INTEGER}, #{ctrl_id,jdbcType=VARCHAR}
      )
  </insert>
  <insert id="insertSelective" parameterType="cn.xtesiro.mapps.entity.LrmsLab" >
    insert into lrms_lab
    <trim prefix="(" suffix=")" suffixOverrides="," >
      <if test="id != null" >
        id,
      </if>
      <if test="labName != null" >
        labName,
      </if>
      <if test="location != null" >
        location,
      </if>
      <if test="member_id != null" >
        member_id,
      </if>
      <if test="isDelete != null" >
        isDelete,
      </if>
      <if test="ctrl_id != null" >
        ctrl_id,
      </if>
    </trim>
    <trim prefix="values (" suffix=")" suffixOverrides="," >
      <if test="id != null" >
        #{id,jdbcType=VARCHAR},
      </if>
      <if test="labName != null" >
        #{labName,jdbcType=VARCHAR},
      </if>
      <if test="location != null" >
        #{location,jdbcType=VARCHAR},
      </if>
      <if test="member_id != null" >
        #{member_id,jdbcType=VARCHAR},
      </if>
      <if test="isDelete != null" >
        #{isDelete,jdbcType=INTEGER},
      </if>
      <if test="ctrl_id != null" >
        #{ctrl_id,jdbcType=VARCHAR},
      </if>
    </trim>
  </insert>
</mapper>