<?xml version="1.0" encoding="UTF-8" ?>
<!DOCTYPE mapper PUBLIC "-//mybatis.org//DTD Mapper 3.0//EN" "http://mybatis.org/dtd/mybatis-3-mapper.dtd" >
<mapper namespace="cn.xtesiro.mapps.mapper.LrmsArticleMapper" >
  <resultMap id="BaseResultMap" type="cn.xtesiro.mapps.entity.LrmsArticle" >
    <result column="id" property="id" jdbcType="VARCHAR" />
    <result column="author" property="author" jdbcType="VARCHAR" />
    <result column="isTop" property="isTop" jdbcType="DOUBLE" />
    <result column="newsTitle" property="newsTitle" jdbcType="VARCHAR" />
    <result column="time" property="time" jdbcType="TIMESTAMP" />
    <result column="articleType_id" property="articleType_id" jdbcType="VARCHAR" />
    <result column="type" property="type" jdbcType="TINYINT" />
  </resultMap>
  <resultMap id="ResultMapWithBLOBs" type="cn.xtesiro.mapps.entity.LrmsArticle" extends="BaseResultMap" >
    <result column="content" property="content" jdbcType="LONGVARCHAR" />
  </resultMap>
  <sql id="Blob_Column_List" >
    content
  </sql>
  <insert id="insert" parameterType="cn.xtesiro.mapps.entity.LrmsArticle" >
    insert into lrms_article (id, author, isTop, 
      newsTitle, time, articleType_id, 
      type, content)
    values (#{id,jdbcType=VARCHAR}, #{author,jdbcType=VARCHAR}, #{isTop,jdbcType=DOUBLE}, 
      #{newsTitle,jdbcType=VARCHAR}, #{time,jdbcType=TIMESTAMP}, #{articleType_id,jdbcType=VARCHAR}, 
      #{type,jdbcType=TINYINT}, #{content,jdbcType=LONGVARCHAR})
  </insert>
  <insert id="insertSelective" parameterType="cn.xtesiro.mapps.entity.LrmsArticle" >
    insert into lrms_article
    <trim prefix="(" suffix=")" suffixOverrides="," >
      <if test="id != null" >
        id,
      </if>
      <if test="author != null" >
        author,
      </if>
      <if test="isTop != null" >
        isTop,
      </if>
      <if test="newsTitle != null" >
        newsTitle,
      </if>
      <if test="time != null" >
        time,
      </if>
      <if test="articleType_id != null" >
        articleType_id,
      </if>
      <if test="type != null" >
        type,
      </if>
      <if test="content != null" >
        content,
      </if>
    </trim>
    <trim prefix="values (" suffix=")" suffixOverrides="," >
      <if test="id != null" >
        #{id,jdbcType=VARCHAR},
      </if>
      <if test="author != null" >
        #{author,jdbcType=VARCHAR},
      </if>
      <if test="isTop != null" >
        #{isTop,jdbcType=DOUBLE},
      </if>
      <if test="newsTitle != null" >
        #{newsTitle,jdbcType=VARCHAR},
      </if>
      <if test="time != null" >
        #{time,jdbcType=TIMESTAMP},
      </if>
      <if test="articleType_id != null" >
        #{articleType_id,jdbcType=VARCHAR},
      </if>
      <if test="type != null" >
        #{type,jdbcType=TINYINT},
      </if>
      <if test="content != null" >
        #{content,jdbcType=LONGVARCHAR},
      </if>
    </trim>
  </insert>
</mapper>