<?xml version="1.0" encoding="UTF-8" ?>
<!DOCTYPE mapper PUBLIC "-//mybatis.org//DTD Mapper 3.0//EN" "http://mybatis.org/dtd/mybatis-3-mapper.dtd" >
<mapper namespace="cn.xtesiro.mapps.mapper.LrmsMemberMapper" >
  <resultMap id="BaseResultMap" type="cn.xtesiro.mapps.entity.LrmsMember" >
    <result column="id" property="id" jdbcType="VARCHAR" />
    <result column="addr" property="addr" jdbcType="VARCHAR" />
    <result column="city" property="city" jdbcType="VARCHAR" />
    <result column="email" property="email" jdbcType="VARCHAR" />
    <result column="isGrouper" property="isGrouper" jdbcType="INTEGER" />
    <result column="msn" property="msn" jdbcType="VARCHAR" />
    <result column="nation" property="nation" jdbcType="VARCHAR" />
    <result column="phone" property="phone" jdbcType="VARCHAR" />
    <result column="province" property="province" jdbcType="VARCHAR" />
    <result column="qq" property="qq" jdbcType="VARCHAR" />
    <result column="registrationTime" property="registrationTime" jdbcType="TIMESTAMP" />
    <result column="reviewStatus" property="reviewStatus" jdbcType="INTEGER" />
    <result column="sex" property="sex" jdbcType="VARCHAR" />
    <result column="telephone" property="telephone" jdbcType="VARCHAR" />
    <result column="user_id" property="user_id" jdbcType="VARCHAR" />
    <result column="isDelete" property="isDelete" jdbcType="INTEGER" />
    <result column="score" property="score" jdbcType="DOUBLE" />
    <result column="cardNo" property="cardNo" jdbcType="VARCHAR" />
    <result column="isNeedExam" property="isNeedExam" jdbcType="BIT" />
    <result column="customTeacher" property="customTeacher" jdbcType="VARCHAR" />
    <result column="teacherID" property="teacherID" jdbcType="VARCHAR" />
    <result column="pic" property="pic" jdbcType="VARCHAR" />
    <result column="major_id" property="major_id" jdbcType="VARCHAR" />
    <result column="classes" property="classes" jdbcType="VARCHAR" />
    <result column="dept" property="dept" jdbcType="VARCHAR" />
  </resultMap>
  <insert id="insert" parameterType="cn.xtesiro.mapps.entity.LrmsMember" >
    insert into lrms_member (id, addr, city, 
      email, isGrouper, msn, 
      nation, phone, province, 
      qq, registrationTime, reviewStatus, 
      sex, telephone, user_id, 
      isDelete, score, cardNo, 
      isNeedExam, customTeacher, teacherID, 
      pic, major_id, classes, 
      dept)
    values (#{id,jdbcType=VARCHAR}, #{addr,jdbcType=VARCHAR}, #{city,jdbcType=VARCHAR}, 
      #{email,jdbcType=VARCHAR}, #{isGrouper,jdbcType=INTEGER}, #{msn,jdbcType=VARCHAR}, 
      #{nation,jdbcType=VARCHAR}, #{phone,jdbcType=VARCHAR}, #{province,jdbcType=VARCHAR}, 
      #{qq,jdbcType=VARCHAR}, #{registrationTime,jdbcType=TIMESTAMP}, #{reviewStatus,jdbcType=INTEGER}, 
      #{sex,jdbcType=VARCHAR}, #{telephone,jdbcType=VARCHAR}, #{user_id,jdbcType=VARCHAR}, 
      #{isDelete,jdbcType=INTEGER}, #{score,jdbcType=DOUBLE}, #{cardNo,jdbcType=VARCHAR}, 
      #{isNeedExam,jdbcType=BIT}, #{customTeacher,jdbcType=VARCHAR}, #{teacherID,jdbcType=VARCHAR}, 
      #{pic,jdbcType=VARCHAR}, #{major_id,jdbcType=VARCHAR}, #{classes,jdbcType=VARCHAR}, 
      #{dept,jdbcType=VARCHAR})
  </insert>
  <insert id="insertSelective" parameterType="cn.xtesiro.mapps.entity.LrmsMember" >
    insert into lrms_member
    <trim prefix="(" suffix=")" suffixOverrides="," >
      <if test="id != null" >
        id,
      </if>
      <if test="addr != null" >
        addr,
      </if>
      <if test="city != null" >
        city,
      </if>
      <if test="email != null" >
        email,
      </if>
      <if test="isGrouper != null" >
        isGrouper,
      </if>
      <if test="msn != null" >
        msn,
      </if>
      <if test="nation != null" >
        nation,
      </if>
      <if test="phone != null" >
        phone,
      </if>
      <if test="province != null" >
        province,
      </if>
      <if test="qq != null" >
        qq,
      </if>
      <if test="registrationTime != null" >
        registrationTime,
      </if>
      <if test="reviewStatus != null" >
        reviewStatus,
      </if>
      <if test="sex != null" >
        sex,
      </if>
      <if test="telephone != null" >
        telephone,
      </if>
      <if test="user_id != null" >
        user_id,
      </if>
      <if test="isDelete != null" >
        isDelete,
      </if>
      <if test="score != null" >
        score,
      </if>
      <if test="cardNo != null" >
        cardNo,
      </if>
      <if test="isNeedExam != null" >
        isNeedExam,
      </if>
      <if test="customTeacher != null" >
        customTeacher,
      </if>
      <if test="teacherID != null" >
        teacherID,
      </if>
      <if test="pic != null" >
        pic,
      </if>
      <if test="major_id != null" >
        major_id,
      </if>
      <if test="classes != null" >
        classes,
      </if>
      <if test="dept != null" >
        dept,
      </if>
    </trim>
    <trim prefix="values (" suffix=")" suffixOverrides="," >
      <if test="id != null" >
        #{id,jdbcType=VARCHAR},
      </if>
      <if test="addr != null" >
        #{addr,jdbcType=VARCHAR},
      </if>
      <if test="city != null" >
        #{city,jdbcType=VARCHAR},
      </if>
      <if test="email != null" >
        #{email,jdbcType=VARCHAR},
      </if>
      <if test="isGrouper != null" >
        #{isGrouper,jdbcType=INTEGER},
      </if>
      <if test="msn != null" >
        #{msn,jdbcType=VARCHAR},
      </if>
      <if test="nation != null" >
        #{nation,jdbcType=VARCHAR},
      </if>
      <if test="phone != null" >
        #{phone,jdbcType=VARCHAR},
      </if>
      <if test="province != null" >
        #{province,jdbcType=VARCHAR},
      </if>
      <if test="qq != null" >
        #{qq,jdbcType=VARCHAR},
      </if>
      <if test="registrationTime != null" >
        #{registrationTime,jdbcType=TIMESTAMP},
      </if>
      <if test="reviewStatus != null" >
        #{reviewStatus,jdbcType=INTEGER},
      </if>
      <if test="sex != null" >
        #{sex,jdbcType=VARCHAR},
      </if>
      <if test="telephone != null" >
        #{telephone,jdbcType=VARCHAR},
      </if>
      <if test="user_id != null" >
        #{user_id,jdbcType=VARCHAR},
      </if>
      <if test="isDelete != null" >
        #{isDelete,jdbcType=INTEGER},
      </if>
      <if test="score != null" >
        #{score,jdbcType=DOUBLE},
      </if>
      <if test="cardNo != null" >
        #{cardNo,jdbcType=VARCHAR},
      </if>
      <if test="isNeedExam != null" >
        #{isNeedExam,jdbcType=BIT},
      </if>
      <if test="customTeacher != null" >
        #{customTeacher,jdbcType=VARCHAR},
      </if>
      <if test="teacherID != null" >
        #{teacherID,jdbcType=VARCHAR},
      </if>
      <if test="pic != null" >
        #{pic,jdbcType=VARCHAR},
      </if>
      <if test="major_id != null" >
        #{major_id,jdbcType=VARCHAR},
      </if>
      <if test="classes != null" >
        #{classes,jdbcType=VARCHAR},
      </if>
      <if test="dept != null" >
        #{dept,jdbcType=VARCHAR},
      </if>
    </trim>
  </insert>
</mapper>