<?xml version="1.0" encoding="UTF-8" ?>
<!DOCTYPE mapper PUBLIC "-//mybatis.org//DTD Mapper 3.0//EN" "http://mybatis.org/dtd/mybatis-3-mapper.dtd" >
<mapper namespace="cn.xtesiro.mapps.mapper.LrmsIncomemailMapper" >
  <resultMap id="BaseResultMap" type="cn.xtesiro.mapps.entity.LrmsIncomemail" >
    <result column="id" property="id" jdbcType="VARCHAR" />
    <result column="fromId" property="fromId" jdbcType="VARCHAR" />
    <result column="fromName" property="fromName" jdbcType="VARCHAR" />
    <result column="toId" property="toId" jdbcType="VARCHAR" />
    <result column="letter_id" property="letter_id" jdbcType="VARCHAR" />
    <result column="isOpen" property="isOpen" jdbcType="INTEGER" />
  </resultMap>
  <insert id="insert" parameterType="cn.xtesiro.mapps.entity.LrmsIncomemail" >
    insert into lrms_incomemail (id, fromId, fromName, 
      toId, letter_id, isOpen
      )
    values (#{id,jdbcType=VARCHAR}, #{fromId,jdbcType=VARCHAR}, #{fromName,jdbcType=VARCHAR}, 
      #{toId,jdbcType=VARCHAR}, #{letter_id,jdbcType=VARCHAR}, #{isOpen,jdbcType=INTEGER}
      )
  </insert>
  <insert id="insertSelective" parameterType="cn.xtesiro.mapps.entity.LrmsIncomemail" >
    insert into lrms_incomemail
    <trim prefix="(" suffix=")" suffixOverrides="," >
      <if test="id != null" >
        id,
      </if>
      <if test="fromId != null" >
        fromId,
      </if>
      <if test="fromName != null" >
        fromName,
      </if>
      <if test="toId != null" >
        toId,
      </if>
      <if test="letter_id != null" >
        letter_id,
      </if>
      <if test="isOpen != null" >
        isOpen,
      </if>
    </trim>
    <trim prefix="values (" suffix=")" suffixOverrides="," >
      <if test="id != null" >
        #{id,jdbcType=VARCHAR},
      </if>
      <if test="fromId != null" >
        #{fromId,jdbcType=VARCHAR},
      </if>
      <if test="fromName != null" >
        #{fromName,jdbcType=VARCHAR},
      </if>
      <if test="toId != null" >
        #{toId,jdbcType=VARCHAR},
      </if>
      <if test="letter_id != null" >
        #{letter_id,jdbcType=VARCHAR},
      </if>
      <if test="isOpen != null" >
        #{isOpen,jdbcType=INTEGER},
      </if>
    </trim>
  </insert>
</mapper>