<?xml version="1.0" encoding="UTF-8" ?>
<!DOCTYPE mapper PUBLIC "-//mybatis.org//DTD Mapper 3.0//EN" "http://mybatis.org/dtd/mybatis-3-mapper.dtd" >
<mapper namespace="cn.xtesiro.mapps.mapper.LrmsLinkMapper" >
  <resultMap id="BaseResultMap" type="cn.xtesiro.mapps.entity.LrmsLink" >
    <result column="id" property="id" jdbcType="VARCHAR" />
    <result column="isShow" property="isShow" jdbcType="INTEGER" />
    <result column="linkName" property="linkName" jdbcType="VARCHAR" />
    <result column="url" property="url" jdbcType="VARCHAR" />
  </resultMap>
  <insert id="insert" parameterType="cn.xtesiro.mapps.entity.LrmsLink" >
    insert into lrms_link (id, isShow, linkName, 
      url)
    values (#{id,jdbcType=VARCHAR}, #{isShow,jdbcType=INTEGER}, #{linkName,jdbcType=VARCHAR}, 
      #{url,jdbcType=VARCHAR})
  </insert>
  <insert id="insertSelective" parameterType="cn.xtesiro.mapps.entity.LrmsLink" >
    insert into lrms_link
    <trim prefix="(" suffix=")" suffixOverrides="," >
      <if test="id != null" >
        id,
      </if>
      <if test="isShow != null" >
        isShow,
      </if>
      <if test="linkName != null" >
        linkName,
      </if>
      <if test="url != null" >
        url,
      </if>
    </trim>
    <trim prefix="values (" suffix=")" suffixOverrides="," >
      <if test="id != null" >
        #{id,jdbcType=VARCHAR},
      </if>
      <if test="isShow != null" >
        #{isShow,jdbcType=INTEGER},
      </if>
      <if test="linkName != null" >
        #{linkName,jdbcType=VARCHAR},
      </if>
      <if test="url != null" >
        #{url,jdbcType=VARCHAR},
      </if>
    </trim>
  </insert>
</mapper>