<?xml version="1.0" encoding="UTF-8" ?>
<!DOCTYPE mapper PUBLIC "-//mybatis.org//DTD Mapper 3.0//EN" "http://mybatis.org/dtd/mybatis-3-mapper.dtd" >
<mapper namespace="cn.xtesiro.mapps.mapper.LrmsSitesetMapper" >
  <resultMap id="BaseResultMap" type="cn.xtesiro.mapps.entity.LrmsSiteset" >
    <result column="id" property="id" jdbcType="VARCHAR" />
    <result column="banner" property="banner" jdbcType="VARCHAR" />
    <result column="memberReview" property="memberReview" jdbcType="INTEGER" />
    <result column="openRegistration" property="openRegistration" jdbcType="INTEGER" />
    <result column="siteTitle" property="siteTitle" jdbcType="VARCHAR" />
    <result column="styleTheme" property="styleTheme" jdbcType="VARCHAR" />
    <result column="exam" property="exam" jdbcType="INTEGER" />
    <result column="passRate" property="passRate" jdbcType="INTEGER" />
  </resultMap>
  <resultMap id="ResultMapWithBLOBs" type="cn.xtesiro.mapps.entity.LrmsSiteset" extends="BaseResultMap" >
    <result column="copyrightInfo" property="copyrightInfo" jdbcType="LONGVARCHAR" />
  </resultMap>
  <sql id="Blob_Column_List" >
    copyrightInfo
  </sql>
  <insert id="insert" parameterType="cn.xtesiro.mapps.entity.LrmsSiteset" >
    insert into lrms_siteset (id, banner, memberReview, 
      openRegistration, siteTitle, styleTheme, 
      exam, passRate, copyrightInfo
      )
    values (#{id,jdbcType=VARCHAR}, #{banner,jdbcType=VARCHAR}, #{memberReview,jdbcType=INTEGER}, 
      #{openRegistration,jdbcType=INTEGER}, #{siteTitle,jdbcType=VARCHAR}, #{styleTheme,jdbcType=VARCHAR}, 
      #{exam,jdbcType=INTEGER}, #{passRate,jdbcType=INTEGER}, #{copyrightInfo,jdbcType=LONGVARCHAR}
      )
  </insert>
  <insert id="insertSelective" parameterType="cn.xtesiro.mapps.entity.LrmsSiteset" >
    insert into lrms_siteset
    <trim prefix="(" suffix=")" suffixOverrides="," >
      <if test="id != null" >
        id,
      </if>
      <if test="banner != null" >
        banner,
      </if>
      <if test="memberReview != null" >
        memberReview,
      </if>
      <if test="openRegistration != null" >
        openRegistration,
      </if>
      <if test="siteTitle != null" >
        siteTitle,
      </if>
      <if test="styleTheme != null" >
        styleTheme,
      </if>
      <if test="exam != null" >
        exam,
      </if>
      <if test="passRate != null" >
        passRate,
      </if>
      <if test="copyrightInfo != null" >
        copyrightInfo,
      </if>
    </trim>
    <trim prefix="values (" suffix=")" suffixOverrides="," >
      <if test="id != null" >
        #{id,jdbcType=VARCHAR},
      </if>
      <if test="banner != null" >
        #{banner,jdbcType=VARCHAR},
      </if>
      <if test="memberReview != null" >
        #{memberReview,jdbcType=INTEGER},
      </if>
      <if test="openRegistration != null" >
        #{openRegistration,jdbcType=INTEGER},
      </if>
      <if test="siteTitle != null" >
        #{siteTitle,jdbcType=VARCHAR},
      </if>
      <if test="styleTheme != null" >
        #{styleTheme,jdbcType=VARCHAR},
      </if>
      <if test="exam != null" >
        #{exam,jdbcType=INTEGER},
      </if>
      <if test="passRate != null" >
        #{passRate,jdbcType=INTEGER},
      </if>
      <if test="copyrightInfo != null" >
        #{copyrightInfo,jdbcType=LONGVARCHAR},
      </if>
    </trim>
  </insert>
</mapper>