<?xml version="1.0" encoding="UTF-8" ?>
<!DOCTYPE mapper PUBLIC "-//mybatis.org//DTD Mapper 3.0//EN" "http://mybatis.org/dtd/mybatis-3-mapper.dtd" >
<mapper namespace="cn.xtesiro.mapps.mapper.LrmsInstrumentMapper" >
  <resultMap id="BaseResultMap" type="cn.xtesiro.mapps.entity.LrmsInstrument" >
    <result column="id" property="id" jdbcType="VARCHAR" />
    <result column="instrumentName" property="instrumentName" jdbcType="VARCHAR" />
    <result column="instrumentPic" property="instrumentPic" jdbcType="VARCHAR" />
    <result column="isCharges" property="isCharges" jdbcType="INTEGER" />
    <result column="manufacturer" property="manufacturer" jdbcType="VARCHAR" />
    <result column="purchasePrice" property="purchasePrice" jdbcType="DOUBLE" />
    <result column="reservationInformation" property="reservationInformation" jdbcType="VARCHAR" />
    <result column="resettlementAddr" property="resettlementAddr" jdbcType="VARCHAR" />
    <result column="specification" property="specification" jdbcType="VARCHAR" />
    <result column="status" property="status" jdbcType="INTEGER" />
    <result column="isDelete" property="isDelete" jdbcType="INTEGER" />
    <result column="time" property="time" jdbcType="TIMESTAMP" />
    <result column="member_id" property="member_id" jdbcType="VARCHAR" />
    <result column="attachment" property="attachment" jdbcType="VARCHAR" />
    <result column="chargesMoney" property="chargesMoney" jdbcType="DOUBLE" />
    <result column="isShow" property="isShow" jdbcType="INTEGER" />
    <result column="lab_id" property="lab_id" jdbcType="VARCHAR" />
    <result column="assetNo" property="assetNo" jdbcType="VARCHAR" />
    <result column="isRepeat" property="isRepeat" jdbcType="BIT" />
    <result column="isStudy" property="isStudy" jdbcType="BIT" />
  </resultMap>
  <resultMap id="ResultMapWithBLOBs" type="cn.xtesiro.mapps.entity.LrmsInstrument" extends="BaseResultMap" >
    <result column="instrumentDescription" property="instrumentDescription" jdbcType="LONGVARCHAR" />
  </resultMap>
  <sql id="Blob_Column_List" >
    instrumentDescription
  </sql>
  <insert id="insert" parameterType="cn.xtesiro.mapps.entity.LrmsInstrument" >
    insert into lrms_instrument (id, instrumentName, instrumentPic, 
      isCharges, manufacturer, purchasePrice, 
      reservationInformation, resettlementAddr, 
      specification, status, isDelete, 
      time, member_id, attachment, 
      chargesMoney, isShow, lab_id, 
      assetNo, isRepeat, isStudy, 
      instrumentDescription)
    values (#{id,jdbcType=VARCHAR}, #{instrumentName,jdbcType=VARCHAR}, #{instrumentPic,jdbcType=VARCHAR}, 
      #{isCharges,jdbcType=INTEGER}, #{manufacturer,jdbcType=VARCHAR}, #{purchasePrice,jdbcType=DOUBLE}, 
      #{reservationInformation,jdbcType=VARCHAR}, #{resettlementAddr,jdbcType=VARCHAR}, 
      #{specification,jdbcType=VARCHAR}, #{status,jdbcType=INTEGER}, #{isDelete,jdbcType=INTEGER}, 
      #{time,jdbcType=TIMESTAMP}, #{member_id,jdbcType=VARCHAR}, #{attachment,jdbcType=VARCHAR}, 
      #{chargesMoney,jdbcType=DOUBLE}, #{isShow,jdbcType=INTEGER}, #{lab_id,jdbcType=VARCHAR}, 
      #{assetNo,jdbcType=VARCHAR}, #{isRepeat,jdbcType=BIT}, #{isStudy,jdbcType=BIT}, 
      #{instrumentDescription,jdbcType=LONGVARCHAR})
  </insert>
  <insert id="insertSelective" parameterType="cn.xtesiro.mapps.entity.LrmsInstrument" >
    insert into lrms_instrument
    <trim prefix="(" suffix=")" suffixOverrides="," >
      <if test="id != null" >
        id,
      </if>
      <if test="instrumentName != null" >
        instrumentName,
      </if>
      <if test="instrumentPic != null" >
        instrumentPic,
      </if>
      <if test="isCharges != null" >
        isCharges,
      </if>
      <if test="manufacturer != null" >
        manufacturer,
      </if>
      <if test="purchasePrice != null" >
        purchasePrice,
      </if>
      <if test="reservationInformation != null" >
        reservationInformation,
      </if>
      <if test="resettlementAddr != null" >
        resettlementAddr,
      </if>
      <if test="specification != null" >
        specification,
      </if>
      <if test="status != null" >
        status,
      </if>
      <if test="isDelete != null" >
        isDelete,
      </if>
      <if test="time != null" >
        time,
      </if>
      <if test="member_id != null" >
        member_id,
      </if>
      <if test="attachment != null" >
        attachment,
      </if>
      <if test="chargesMoney != null" >
        chargesMoney,
      </if>
      <if test="isShow != null" >
        isShow,
      </if>
      <if test="lab_id != null" >
        lab_id,
      </if>
      <if test="assetNo != null" >
        assetNo,
      </if>
      <if test="isRepeat != null" >
        isRepeat,
      </if>
      <if test="isStudy != null" >
        isStudy,
      </if>
      <if test="instrumentDescription != null" >
        instrumentDescription,
      </if>
    </trim>
    <trim prefix="values (" suffix=")" suffixOverrides="," >
      <if test="id != null" >
        #{id,jdbcType=VARCHAR},
      </if>
      <if test="instrumentName != null" >
        #{instrumentName,jdbcType=VARCHAR},
      </if>
      <if test="instrumentPic != null" >
        #{instrumentPic,jdbcType=VARCHAR},
      </if>
      <if test="isCharges != null" >
        #{isCharges,jdbcType=INTEGER},
      </if>
      <if test="manufacturer != null" >
        #{manufacturer,jdbcType=VARCHAR},
      </if>
      <if test="purchasePrice != null" >
        #{purchasePrice,jdbcType=DOUBLE},
      </if>
      <if test="reservationInformation != null" >
        #{reservationInformation,jdbcType=VARCHAR},
      </if>
      <if test="resettlementAddr != null" >
        #{resettlementAddr,jdbcType=VARCHAR},
      </if>
      <if test="specification != null" >
        #{specification,jdbcType=VARCHAR},
      </if>
      <if test="status != null" >
        #{status,jdbcType=INTEGER},
      </if>
      <if test="isDelete != null" >
        #{isDelete,jdbcType=INTEGER},
      </if>
      <if test="time != null" >
        #{time,jdbcType=TIMESTAMP},
      </if>
      <if test="member_id != null" >
        #{member_id,jdbcType=VARCHAR},
      </if>
      <if test="attachment != null" >
        #{attachment,jdbcType=VARCHAR},
      </if>
      <if test="chargesMoney != null" >
        #{chargesMoney,jdbcType=DOUBLE},
      </if>
      <if test="isShow != null" >
        #{isShow,jdbcType=INTEGER},
      </if>
      <if test="lab_id != null" >
        #{lab_id,jdbcType=VARCHAR},
      </if>
      <if test="assetNo != null" >
        #{assetNo,jdbcType=VARCHAR},
      </if>
      <if test="isRepeat != null" >
        #{isRepeat,jdbcType=BIT},
      </if>
      <if test="isStudy != null" >
        #{isStudy,jdbcType=BIT},
      </if>
      <if test="instrumentDescription != null" >
        #{instrumentDescription,jdbcType=LONGVARCHAR},
      </if>
    </trim>
  </insert>
</mapper>