<?xml version="1.0" encoding="UTF-8" ?>
<!DOCTYPE mapper PUBLIC "-//mybatis.org//DTD Mapper 3.0//EN" "http://mybatis.org/dtd/mybatis-3-mapper.dtd" >
<mapper namespace="cn.xtesiro.mapps.mapper.LrmsUsergroupMapper" >
  <resultMap id="BaseResultMap" type="cn.xtesiro.mapps.entity.LrmsUsergroup" >
    <result column="id" property="id" jdbcType="VARCHAR" />
    <result column="groupName" property="groupName" jdbcType="VARCHAR" />
    <result column="isDelete" property="isDelete" jdbcType="INTEGER" />
  </resultMap>
  <insert id="insert" parameterType="cn.xtesiro.mapps.entity.LrmsUsergroup" >
    insert into lrms_usergroup (id, groupName, isDelete
      )
    values (#{id,jdbcType=VARCHAR}, #{groupName,jdbcType=VARCHAR}, #{isDelete,jdbcType=INTEGER}
      )
  </insert>
  <insert id="insertSelective" parameterType="cn.xtesiro.mapps.entity.LrmsUsergroup" >
    insert into lrms_usergroup
    <trim prefix="(" suffix=")" suffixOverrides="," >
      <if test="id != null" >
        id,
      </if>
      <if test="groupName != null" >
        groupName,
      </if>
      <if test="isDelete != null" >
        isDelete,
      </if>
    </trim>
    <trim prefix="values (" suffix=")" suffixOverrides="," >
      <if test="id != null" >
        #{id,jdbcType=VARCHAR},
      </if>
      <if test="groupName != null" >
        #{groupName,jdbcType=VARCHAR},
      </if>
      <if test="isDelete != null" >
        #{isDelete,jdbcType=INTEGER},
      </if>
    </trim>
  </insert>
</mapper>