<?xml version="1.0" encoding="UTF-8" ?>
<!DOCTYPE mapper PUBLIC "-//mybatis.org//DTD Mapper 3.0//EN" "http://mybatis.org/dtd/mybatis-3-mapper.dtd" >
<mapper namespace="cn.xtesiro.mapps.mapper.LrmsErreportMapper" >
  <resultMap id="BaseResultMap" type="cn.xtesiro.mapps.entity.LrmsErreport" >
    <result column="id" property="id" jdbcType="VARCHAR" />
    <result column="lab_id" property="lab_id" jdbcType="VARCHAR" />
    <result column="managerID" property="managerID" jdbcType="VARCHAR" />
    <result column="member_id" property="member_id" jdbcType="VARCHAR" />
    <result column="errtype" property="errtype" jdbcType="VARCHAR" />
    <result column="submitDate" property="submitDate" jdbcType="DATE" />
    <result column="status" property="status" jdbcType="INTEGER" />
    <result column="isDelete" property="isDelete" jdbcType="INTEGER" />
  </resultMap>
  <resultMap id="ResultMapWithBLOBs" type="cn.xtesiro.mapps.entity.LrmsErreportWithBLOBs" extends="BaseResultMap" >
    <result column="error" property="error" jdbcType="LONGVARCHAR" />
    <result column="deal" property="deal" jdbcType="LONGVARCHAR" />
  </resultMap>
  <sql id="Blob_Column_List" >
    error, deal
  </sql>
  <insert id="insert" parameterType="cn.xtesiro.mapps.entity.LrmsErreportWithBLOBs" >
    insert into lrms_erreport (id, lab_id, managerID, 
      member_id, errtype, submitDate, 
      status, isDelete, error, 
      deal)
    values (#{id,jdbcType=VARCHAR}, #{lab_id,jdbcType=VARCHAR}, #{managerID,jdbcType=VARCHAR}, 
      #{member_id,jdbcType=VARCHAR}, #{errtype,jdbcType=VARCHAR}, #{submitDate,jdbcType=DATE}, 
      #{status,jdbcType=INTEGER}, #{isDelete,jdbcType=INTEGER}, #{error,jdbcType=LONGVARCHAR}, 
      #{deal,jdbcType=LONGVARCHAR})
  </insert>
  <insert id="insertSelective" parameterType="cn.xtesiro.mapps.entity.LrmsErreportWithBLOBs" >
    insert into lrms_erreport
    <trim prefix="(" suffix=")" suffixOverrides="," >
      <if test="id != null" >
        id,
      </if>
      <if test="lab_id != null" >
        lab_id,
      </if>
      <if test="managerID != null" >
        managerID,
      </if>
      <if test="member_id != null" >
        member_id,
      </if>
      <if test="errtype != null" >
        errtype,
      </if>
      <if test="submitDate != null" >
        submitDate,
      </if>
      <if test="status != null" >
        status,
      </if>
      <if test="isDelete != null" >
        isDelete,
      </if>
      <if test="error != null" >
        error,
      </if>
      <if test="deal != null" >
        deal,
      </if>
    </trim>
    <trim prefix="values (" suffix=")" suffixOverrides="," >
      <if test="id != null" >
        #{id,jdbcType=VARCHAR},
      </if>
      <if test="lab_id != null" >
        #{lab_id,jdbcType=VARCHAR},
      </if>
      <if test="managerID != null" >
        #{managerID,jdbcType=VARCHAR},
      </if>
      <if test="member_id != null" >
        #{member_id,jdbcType=VARCHAR},
      </if>
      <if test="errtype != null" >
        #{errtype,jdbcType=VARCHAR},
      </if>
      <if test="submitDate != null" >
        #{submitDate,jdbcType=DATE},
      </if>
      <if test="status != null" >
        #{status,jdbcType=INTEGER},
      </if>
      <if test="isDelete != null" >
        #{isDelete,jdbcType=INTEGER},
      </if>
      <if test="error != null" >
        #{error,jdbcType=LONGVARCHAR},
      </if>
      <if test="deal != null" >
        #{deal,jdbcType=LONGVARCHAR},
      </if>
    </trim>
  </insert>
</mapper>