<?xml version="1.0" encoding="UTF-8" ?>
<!DOCTYPE mapper PUBLIC "-//mybatis.org//DTD Mapper 3.0//EN" "http://mybatis.org/dtd/mybatis-3-mapper.dtd" >
<mapper namespace="cn.xtesiro.mapps.mapper.LrmsArticletypeMapper" >
  <resultMap id="BaseResultMap" type="cn.xtesiro.mapps.entity.LrmsArticletype" >
    <result column="id" property="id" jdbcType="VARCHAR" />
    <result column="descn" property="descn" jdbcType="VARCHAR" />
    <result column="typeName" property="typeName" jdbcType="VARCHAR" />
    <result column="isLogin" property="isLogin" jdbcType="TINYINT" />
    <result column="isEnable" property="isEnable" jdbcType="TINYINT" />
    <result column="ord" property="ord" jdbcType="TINYINT" />
  </resultMap>
  <insert id="insert" parameterType="cn.xtesiro.mapps.entity.LrmsArticletype" >
    insert into lrms_articletype (id, descn, typeName, 
      isLogin, isEnable, ord
      )
    values (#{id,jdbcType=VARCHAR}, #{descn,jdbcType=VARCHAR}, #{typeName,jdbcType=VARCHAR}, 
      #{isLogin,jdbcType=TINYINT}, #{isEnable,jdbcType=TINYINT}, #{ord,jdbcType=TINYINT}
      )
  </insert>
  <insert id="insertSelective" parameterType="cn.xtesiro.mapps.entity.LrmsArticletype" >
    insert into lrms_articletype
    <trim prefix="(" suffix=")" suffixOverrides="," >
      <if test="id != null" >
        id,
      </if>
      <if test="descn != null" >
        descn,
      </if>
      <if test="typeName != null" >
        typeName,
      </if>
      <if test="isLogin != null" >
        isLogin,
      </if>
      <if test="isEnable != null" >
        isEnable,
      </if>
      <if test="ord != null" >
        ord,
      </if>
    </trim>
    <trim prefix="values (" suffix=")" suffixOverrides="," >
      <if test="id != null" >
        #{id,jdbcType=VARCHAR},
      </if>
      <if test="descn != null" >
        #{descn,jdbcType=VARCHAR},
      </if>
      <if test="typeName != null" >
        #{typeName,jdbcType=VARCHAR},
      </if>
      <if test="isLogin != null" >
        #{isLogin,jdbcType=TINYINT},
      </if>
      <if test="isEnable != null" >
        #{isEnable,jdbcType=TINYINT},
      </if>
      <if test="ord != null" >
        #{ord,jdbcType=TINYINT},
      </if>
    </trim>
  </insert>
</mapper>