<?xml version="1.0" encoding="UTF-8" ?>
<!DOCTYPE mapper PUBLIC "-//mybatis.org//DTD Mapper 3.0//EN" "http://mybatis.org/dtd/mybatis-3-mapper.dtd" >
<mapper namespace="cn.xtesiro.mapps.mapper.LrmsShowpicMapper" >
  <resultMap id="BaseResultMap" type="cn.xtesiro.mapps.entity.LrmsShowpic" >
    <result column="id" property="id" jdbcType="VARCHAR" />
    <result column="isShow" property="isShow" jdbcType="INTEGER" />
    <result column="pic" property="pic" jdbcType="VARCHAR" />
    <result column="picName" property="picName" jdbcType="VARCHAR" />
    <result column="url" property="url" jdbcType="VARCHAR" />
  </resultMap>
  <insert id="insert" parameterType="cn.xtesiro.mapps.entity.LrmsShowpic" >
    insert into lrms_showpic (id, isShow, pic, 
      picName, url)
    values (#{id,jdbcType=VARCHAR}, #{isShow,jdbcType=INTEGER}, #{pic,jdbcType=VARCHAR}, 
      #{picName,jdbcType=VARCHAR}, #{url,jdbcType=VARCHAR})
  </insert>
  <insert id="insertSelective" parameterType="cn.xtesiro.mapps.entity.LrmsShowpic" >
    insert into lrms_showpic
    <trim prefix="(" suffix=")" suffixOverrides="," >
      <if test="id != null" >
        id,
      </if>
      <if test="isShow != null" >
        isShow,
      </if>
      <if test="pic != null" >
        pic,
      </if>
      <if test="picName != null" >
        picName,
      </if>
      <if test="url != null" >
        url,
      </if>
    </trim>
    <trim prefix="values (" suffix=")" suffixOverrides="," >
      <if test="id != null" >
        #{id,jdbcType=VARCHAR},
      </if>
      <if test="isShow != null" >
        #{isShow,jdbcType=INTEGER},
      </if>
      <if test="pic != null" >
        #{pic,jdbcType=VARCHAR},
      </if>
      <if test="picName != null" >
        #{picName,jdbcType=VARCHAR},
      </if>
      <if test="url != null" >
        #{url,jdbcType=VARCHAR},
      </if>
    </trim>
  </insert>
</mapper>