<?xml version="1.0" encoding="UTF-8" ?>
<!DOCTYPE mapper PUBLIC "-//mybatis.org//DTD Mapper 3.0//EN" "http://mybatis.org/dtd/mybatis-3-mapper.dtd" >
<mapper namespace="cn.xtesiro.mapps.mapper.LrmsInstrumentchargesMapper" >
  <resultMap id="BaseResultMap" type="cn.xtesiro.mapps.entity.LrmsInstrumentcharges" >
    <result column="id" property="id" jdbcType="VARCHAR" />
    <result column="money" property="money" jdbcType="DOUBLE" />
    <result column="instrument_id" property="instrument_id" jdbcType="VARCHAR" />
    <result column="userGroup_id" property="userGroup_id" jdbcType="VARCHAR" />
  </resultMap>
  <insert id="insert" parameterType="cn.xtesiro.mapps.entity.LrmsInstrumentcharges" >
    insert into lrms_instrumentcharges (id, money, instrument_id, 
      userGroup_id)
    values (#{id,jdbcType=VARCHAR}, #{money,jdbcType=DOUBLE}, #{instrument_id,jdbcType=VARCHAR}, 
      #{userGroup_id,jdbcType=VARCHAR})
  </insert>
  <insert id="insertSelective" parameterType="cn.xtesiro.mapps.entity.LrmsInstrumentcharges" >
    insert into lrms_instrumentcharges
    <trim prefix="(" suffix=")" suffixOverrides="," >
      <if test="id != null" >
        id,
      </if>
      <if test="money != null" >
        money,
      </if>
      <if test="instrument_id != null" >
        instrument_id,
      </if>
      <if test="userGroup_id != null" >
        userGroup_id,
      </if>
    </trim>
    <trim prefix="values (" suffix=")" suffixOverrides="," >
      <if test="id != null" >
        #{id,jdbcType=VARCHAR},
      </if>
      <if test="money != null" >
        #{money,jdbcType=DOUBLE},
      </if>
      <if test="instrument_id != null" >
        #{instrument_id,jdbcType=VARCHAR},
      </if>
      <if test="userGroup_id != null" >
        #{userGroup_id,jdbcType=VARCHAR},
      </if>
    </trim>
  </insert>
</mapper>