<?xml version="1.0" encoding="UTF-8" ?>
<!DOCTYPE mapper PUBLIC "-//mybatis.org//DTD Mapper 3.0//EN" "http://mybatis.org/dtd/mybatis-3-mapper.dtd" >
<mapper namespace="cn.xtesiro.mapps.mapper.LrmsDeviceRoleMapper" >
  <resultMap id="BaseResultMap" type="cn.xtesiro.mapps.entity.LrmsDeviceRole" >
    <result column="device_id" property="device_id" jdbcType="VARCHAR" />
    <result column="role_id" property="role_id" jdbcType="VARCHAR" />
  </resultMap>
  <insert id="insert" parameterType="cn.xtesiro.mapps.entity.LrmsDeviceRole" >
    insert into lrms_device_role (device_id, role_id)
    values (#{device_id,jdbcType=VARCHAR}, #{role_id,jdbcType=VARCHAR})
  </insert>
  <insert id="insertSelective" parameterType="cn.xtesiro.mapps.entity.LrmsDeviceRole" >
    insert into lrms_device_role
    <trim prefix="(" suffix=")" suffixOverrides="," >
      <if test="device_id != null" >
        device_id,
      </if>
      <if test="role_id != null" >
        role_id,
      </if>
    </trim>
    <trim prefix="values (" suffix=")" suffixOverrides="," >
      <if test="device_id != null" >
        #{device_id,jdbcType=VARCHAR},
      </if>
      <if test="role_id != null" >
        #{role_id,jdbcType=VARCHAR},
      </if>
    </trim>
  </insert>
</mapper>