<?xml version="1.0" encoding="UTF-8" ?>
<!DOCTYPE mapper PUBLIC "-//mybatis.org//DTD Mapper 3.0//EN" "http://mybatis.org/dtd/mybatis-3-mapper.dtd" >
<mapper namespace="cn.xtesiro.mapps.mapper.LrmsLetterattachmentMapper" >
  <resultMap id="BaseResultMap" type="cn.xtesiro.mapps.entity.LrmsLetterattachment" >
    <result column="id" property="id" jdbcType="VARCHAR" />
    <result column="attachmentName" property="attachmentName" jdbcType="VARCHAR" />
    <result column="letter_id" property="letter_id" jdbcType="VARCHAR" />
  </resultMap>
  <insert id="insert" parameterType="cn.xtesiro.mapps.entity.LrmsLetterattachment" >
    insert into lrms_letterattachment (id, attachmentName, letter_id
      )
    values (#{id,jdbcType=VARCHAR}, #{attachmentName,jdbcType=VARCHAR}, #{letter_id,jdbcType=VARCHAR}
      )
  </insert>
  <insert id="insertSelective" parameterType="cn.xtesiro.mapps.entity.LrmsLetterattachment" >
    insert into lrms_letterattachment
    <trim prefix="(" suffix=")" suffixOverrides="," >
      <if test="id != null" >
        id,
      </if>
      <if test="attachmentName != null" >
        attachmentName,
      </if>
      <if test="letter_id != null" >
        letter_id,
      </if>
    </trim>
    <trim prefix="values (" suffix=")" suffixOverrides="," >
      <if test="id != null" >
        #{id,jdbcType=VARCHAR},
      </if>
      <if test="attachmentName != null" >
        #{attachmentName,jdbcType=VARCHAR},
      </if>
      <if test="letter_id != null" >
        #{letter_id,jdbcType=VARCHAR},
      </if>
    </trim>
  </insert>
</mapper>