<?xml version="1.0" encoding="UTF-8" ?>
<!DOCTYPE mapper PUBLIC "-//mybatis.org//DTD Mapper 3.0//EN" "http://mybatis.org/dtd/mybatis-3-mapper.dtd" >
<mapper namespace="cn.xtesiro.mapps.mapper.LrmsSettlementMapper" >
  <resultMap id="BaseResultMap" type="cn.xtesiro.mapps.entity.LrmsSettlement" >
    <result column="id" property="id" jdbcType="VARCHAR" />
    <result column="settlementMoney" property="settlementMoney" jdbcType="DOUBLE" />
    <result column="settlementTime" property="settlementTime" jdbcType="TIMESTAMP" />
  </resultMap>
  <insert id="insert" parameterType="cn.xtesiro.mapps.entity.LrmsSettlement" >
    insert into lrms_settlement (id, settlementMoney, settlementTime
      )
    values (#{id,jdbcType=VARCHAR}, #{settlementMoney,jdbcType=DOUBLE}, #{settlementTime,jdbcType=TIMESTAMP}
      )
  </insert>
  <insert id="insertSelective" parameterType="cn.xtesiro.mapps.entity.LrmsSettlement" >
    insert into lrms_settlement
    <trim prefix="(" suffix=")" suffixOverrides="," >
      <if test="id != null" >
        id,
      </if>
      <if test="settlementMoney != null" >
        settlementMoney,
      </if>
      <if test="settlementTime != null" >
        settlementTime,
      </if>
    </trim>
    <trim prefix="values (" suffix=")" suffixOverrides="," >
      <if test="id != null" >
        #{id,jdbcType=VARCHAR},
      </if>
      <if test="settlementMoney != null" >
        #{settlementMoney,jdbcType=DOUBLE},
      </if>
      <if test="settlementTime != null" >
        #{settlementTime,jdbcType=TIMESTAMP},
      </if>
    </trim>
  </insert>
</mapper>