<?xml version="1.0" encoding="UTF-8" ?>
<!DOCTYPE mapper PUBLIC "-//mybatis.org//DTD Mapper 3.0//EN" "http://mybatis.org/dtd/mybatis-3-mapper.dtd" >
<mapper namespace="cn.xtesiro.mapps.mapper.LrmsExperimentMapper" >
  <resultMap id="BaseResultMap" type="cn.xtesiro.mapps.entity.LrmsExperiment" >
    <result column="id" property="id" jdbcType="VARCHAR" />
    <result column="expName" property="expName" jdbcType="VARCHAR" />
    <result column="lab_id" property="lab_id" jdbcType="VARCHAR" />
    <result column="isDelete" property="isDelete" jdbcType="INTEGER" />
  </resultMap>
  <insert id="insert" parameterType="cn.xtesiro.mapps.entity.LrmsExperiment" >
    insert into lrms_experiment (id, expName, lab_id, 
      isDelete)
    values (#{id,jdbcType=VARCHAR}, #{expName,jdbcType=VARCHAR}, #{lab_id,jdbcType=VARCHAR}, 
      #{isDelete,jdbcType=INTEGER})
  </insert>
  <insert id="insertSelective" parameterType="cn.xtesiro.mapps.entity.LrmsExperiment" >
    insert into lrms_experiment
    <trim prefix="(" suffix=")" suffixOverrides="," >
      <if test="id != null" >
        id,
      </if>
      <if test="expName != null" >
        expName,
      </if>
      <if test="lab_id != null" >
        lab_id,
      </if>
      <if test="isDelete != null" >
        isDelete,
      </if>
    </trim>
    <trim prefix="values (" suffix=")" suffixOverrides="," >
      <if test="id != null" >
        #{id,jdbcType=VARCHAR},
      </if>
      <if test="expName != null" >
        #{expName,jdbcType=VARCHAR},
      </if>
      <if test="lab_id != null" >
        #{lab_id,jdbcType=VARCHAR},
      </if>
      <if test="isDelete != null" >
        #{isDelete,jdbcType=INTEGER},
      </if>
    </trim>
  </insert>
</mapper>