<?xml version="1.0" encoding="UTF-8" ?>
<!DOCTYPE mapper PUBLIC "-//mybatis.org//DTD Mapper 3.0//EN" "http://mybatis.org/dtd/mybatis-3-mapper.dtd" >
<mapper namespace="cn.xtesiro.mapps.mapper.LrmsInstrumentreservationMapper" >
  <resultMap id="BaseResultMap" type="cn.xtesiro.mapps.entity.LrmsInstrumentreservation" >
    <result column="id" property="id" jdbcType="VARCHAR" />
    <result column="actualEndTime" property="actualEndTime" jdbcType="TIMESTAMP" />
    <result column="actualStartTime" property="actualStartTime" jdbcType="TIMESTAMP" />
    <result column="applicationUnit" property="applicationUnit" jdbcType="VARCHAR" />
    <result column="contactEmail" property="contactEmail" jdbcType="VARCHAR" />
    <result column="contactName" property="contactName" jdbcType="VARCHAR" />
    <result column="contactTel" property="contactTel" jdbcType="VARCHAR" />
    <result column="endTime" property="endTime" jdbcType="TIMESTAMP" />
    <result column="experience" property="experience" jdbcType="VARCHAR" />
    <result column="instructorName" property="instructorName" jdbcType="VARCHAR" />
    <result column="isDelete" property="isDelete" jdbcType="INTEGER" />
    <result column="money" property="money" jdbcType="DOUBLE" />
    <result column="payAccount" property="payAccount" jdbcType="VARCHAR" />
    <result column="sampleName" property="sampleName" jdbcType="VARCHAR" />
    <result column="startTime" property="startTime" jdbcType="TIMESTAMP" />
    <result column="status" property="status" jdbcType="VARCHAR" />
    <result column="subjectName" property="subjectName" jdbcType="VARCHAR" />
    <result column="time" property="time" jdbcType="TIMESTAMP" />
    <result column="useMethod" property="useMethod" jdbcType="VARCHAR" />
    <result column="member_id" property="member_id" jdbcType="VARCHAR" />
    <result column="instrument_id" property="instrument_id" jdbcType="VARCHAR" />
    <result column="isBill" property="isBill" jdbcType="INTEGER" />
    <result column="settlement_id" property="settlement_id" jdbcType="VARCHAR" />
    <result column="expName" property="expName" jdbcType="VARCHAR" />
    <result column="cancelReason" property="cancelReason" jdbcType="VARCHAR" />
    <result column="partner" property="partner" jdbcType="VARCHAR" />
    <result column="partnerIDs" property="partnerIDs" jdbcType="VARCHAR" />
    <result column="project_id" property="project_id" jdbcType="VARCHAR" />
    <result column="customproject" property="customproject" jdbcType="VARCHAR" />
  </resultMap>
  <resultMap id="ResultMapWithBLOBs" type="cn.xtesiro.mapps.entity.LrmsInstrumentreservationWithBLOBs" extends="BaseResultMap" >
    <result column="failureReason" property="failureReason" jdbcType="LONGVARCHAR" />
    <result column="modifyTimeReason" property="modifyTimeReason" jdbcType="LONGVARCHAR" />
    <result column="notes" property="notes" jdbcType="LONGVARCHAR" />
    <result column="subjectContent" property="subjectContent" jdbcType="LONGVARCHAR" />
    <result column="subjectDescription" property="subjectDescription" jdbcType="LONGVARCHAR" />
  </resultMap>
  <sql id="Blob_Column_List" >
    failureReason, modifyTimeReason, notes, subjectContent, subjectDescription
  </sql>
  <insert id="insert" parameterType="cn.xtesiro.mapps.entity.LrmsInstrumentreservationWithBLOBs" >
    insert into lrms_instrumentreservation (id, actualEndTime, actualStartTime, 
      applicationUnit, contactEmail, contactName, 
      contactTel, endTime, experience, 
      instructorName, isDelete, money, 
      payAccount, sampleName, startTime, 
      status, subjectName, time, 
      useMethod, member_id, instrument_id, 
      isBill, settlement_id, expName, 
      cancelReason, partner, partnerIDs, 
      project_id, customproject, failureReason, 
      modifyTimeReason, notes, subjectContent, 
      subjectDescription)
    values (#{id,jdbcType=VARCHAR}, #{actualEndTime,jdbcType=TIMESTAMP}, #{actualStartTime,jdbcType=TIMESTAMP}, 
      #{applicationUnit,jdbcType=VARCHAR}, #{contactEmail,jdbcType=VARCHAR}, #{contactName,jdbcType=VARCHAR}, 
      #{contactTel,jdbcType=VARCHAR}, #{endTime,jdbcType=TIMESTAMP}, #{experience,jdbcType=VARCHAR}, 
      #{instructorName,jdbcType=VARCHAR}, #{isDelete,jdbcType=INTEGER}, #{money,jdbcType=DOUBLE}, 
      #{payAccount,jdbcType=VARCHAR}, #{sampleName,jdbcType=VARCHAR}, #{startTime,jdbcType=TIMESTAMP}, 
      #{status,jdbcType=VARCHAR}, #{subjectName,jdbcType=VARCHAR}, #{time,jdbcType=TIMESTAMP}, 
      #{useMethod,jdbcType=VARCHAR}, #{member_id,jdbcType=VARCHAR}, #{instrument_id,jdbcType=VARCHAR}, 
      #{isBill,jdbcType=INTEGER}, #{settlement_id,jdbcType=VARCHAR}, #{expName,jdbcType=VARCHAR}, 
      #{cancelReason,jdbcType=VARCHAR}, #{partner,jdbcType=VARCHAR}, #{partnerIDs,jdbcType=VARCHAR}, 
      #{project_id,jdbcType=VARCHAR}, #{customproject,jdbcType=VARCHAR}, #{failureReason,jdbcType=LONGVARCHAR}, 
      #{modifyTimeReason,jdbcType=LONGVARCHAR}, #{notes,jdbcType=LONGVARCHAR}, #{subjectContent,jdbcType=LONGVARCHAR}, 
      #{subjectDescription,jdbcType=LONGVARCHAR})
  </insert>
  <insert id="insertSelective" parameterType="cn.xtesiro.mapps.entity.LrmsInstrumentreservationWithBLOBs" >
    insert into lrms_instrumentreservation
    <trim prefix="(" suffix=")" suffixOverrides="," >
      <if test="id != null" >
        id,
      </if>
      <if test="actualEndTime != null" >
        actualEndTime,
      </if>
      <if test="actualStartTime != null" >
        actualStartTime,
      </if>
      <if test="applicationUnit != null" >
        applicationUnit,
      </if>
      <if test="contactEmail != null" >
        contactEmail,
      </if>
      <if test="contactName != null" >
        contactName,
      </if>
      <if test="contactTel != null" >
        contactTel,
      </if>
      <if test="endTime != null" >
        endTime,
      </if>
      <if test="experience != null" >
        experience,
      </if>
      <if test="instructorName != null" >
        instructorName,
      </if>
      <if test="isDelete != null" >
        isDelete,
      </if>
      <if test="money != null" >
        money,
      </if>
      <if test="payAccount != null" >
        payAccount,
      </if>
      <if test="sampleName != null" >
        sampleName,
      </if>
      <if test="startTime != null" >
        startTime,
      </if>
      <if test="status != null" >
        status,
      </if>
      <if test="subjectName != null" >
        subjectName,
      </if>
      <if test="time != null" >
        time,
      </if>
      <if test="useMethod != null" >
        useMethod,
      </if>
      <if test="member_id != null" >
        member_id,
      </if>
      <if test="instrument_id != null" >
        instrument_id,
      </if>
      <if test="isBill != null" >
        isBill,
      </if>
      <if test="settlement_id != null" >
        settlement_id,
      </if>
      <if test="expName != null" >
        expName,
      </if>
      <if test="cancelReason != null" >
        cancelReason,
      </if>
      <if test="partner != null" >
        partner,
      </if>
      <if test="partnerIDs != null" >
        partnerIDs,
      </if>
      <if test="project_id != null" >
        project_id,
      </if>
      <if test="customproject != null" >
        customproject,
      </if>
      <if test="failureReason != null" >
        failureReason,
      </if>
      <if test="modifyTimeReason != null" >
        modifyTimeReason,
      </if>
      <if test="notes != null" >
        notes,
      </if>
      <if test="subjectContent != null" >
        subjectContent,
      </if>
      <if test="subjectDescription != null" >
        subjectDescription,
      </if>
    </trim>
    <trim prefix="values (" suffix=")" suffixOverrides="," >
      <if test="id != null" >
        #{id,jdbcType=VARCHAR},
      </if>
      <if test="actualEndTime != null" >
        #{actualEndTime,jdbcType=TIMESTAMP},
      </if>
      <if test="actualStartTime != null" >
        #{actualStartTime,jdbcType=TIMESTAMP},
      </if>
      <if test="applicationUnit != null" >
        #{applicationUnit,jdbcType=VARCHAR},
      </if>
      <if test="contactEmail != null" >
        #{contactEmail,jdbcType=VARCHAR},
      </if>
      <if test="contactName != null" >
        #{contactName,jdbcType=VARCHAR},
      </if>
      <if test="contactTel != null" >
        #{contactTel,jdbcType=VARCHAR},
      </if>
      <if test="endTime != null" >
        #{endTime,jdbcType=TIMESTAMP},
      </if>
      <if test="experience != null" >
        #{experience,jdbcType=VARCHAR},
      </if>
      <if test="instructorName != null" >
        #{instructorName,jdbcType=VARCHAR},
      </if>
      <if test="isDelete != null" >
        #{isDelete,jdbcType=INTEGER},
      </if>
      <if test="money != null" >
        #{money,jdbcType=DOUBLE},
      </if>
      <if test="payAccount != null" >
        #{payAccount,jdbcType=VARCHAR},
      </if>
      <if test="sampleName != null" >
        #{sampleName,jdbcType=VARCHAR},
      </if>
      <if test="startTime != null" >
        #{startTime,jdbcType=TIMESTAMP},
      </if>
      <if test="status != null" >
        #{status,jdbcType=VARCHAR},
      </if>
      <if test="subjectName != null" >
        #{subjectName,jdbcType=VARCHAR},
      </if>
      <if test="time != null" >
        #{time,jdbcType=TIMESTAMP},
      </if>
      <if test="useMethod != null" >
        #{useMethod,jdbcType=VARCHAR},
      </if>
      <if test="member_id != null" >
        #{member_id,jdbcType=VARCHAR},
      </if>
      <if test="instrument_id != null" >
        #{instrument_id,jdbcType=VARCHAR},
      </if>
      <if test="isBill != null" >
        #{isBill,jdbcType=INTEGER},
      </if>
      <if test="settlement_id != null" >
        #{settlement_id,jdbcType=VARCHAR},
      </if>
      <if test="expName != null" >
        #{expName,jdbcType=VARCHAR},
      </if>
      <if test="cancelReason != null" >
        #{cancelReason,jdbcType=VARCHAR},
      </if>
      <if test="partner != null" >
        #{partner,jdbcType=VARCHAR},
      </if>
      <if test="partnerIDs != null" >
        #{partnerIDs,jdbcType=VARCHAR},
      </if>
      <if test="project_id != null" >
        #{project_id,jdbcType=VARCHAR},
      </if>
      <if test="customproject != null" >
        #{customproject,jdbcType=VARCHAR},
      </if>
      <if test="failureReason != null" >
        #{failureReason,jdbcType=LONGVARCHAR},
      </if>
      <if test="modifyTimeReason != null" >
        #{modifyTimeReason,jdbcType=LONGVARCHAR},
      </if>
      <if test="notes != null" >
        #{notes,jdbcType=LONGVARCHAR},
      </if>
      <if test="subjectContent != null" >
        #{subjectContent,jdbcType=LONGVARCHAR},
      </if>
      <if test="subjectDescription != null" >
        #{subjectDescription,jdbcType=LONGVARCHAR},
      </if>
    </trim>
  </insert>
</mapper>