<?xml version="1.0" encoding="UTF-8" ?>
<!DOCTYPE mapper PUBLIC "-//mybatis.org//DTD Mapper 3.0//EN" "http://mybatis.org/dtd/mybatis-3-mapper.dtd" >
<mapper namespace="cn.xtesiro.mapps.mapper.LrmsNavigationMapper" >
  <resultMap id="BaseResultMap" type="cn.xtesiro.mapps.entity.LrmsNavigation" >
    <result column="id" property="id" jdbcType="VARCHAR" />
    <result column="menuName" property="menuName" jdbcType="VARCHAR" />
    <result column="menuSort" property="menuSort" jdbcType="INTEGER" />
    <result column="menuStatus" property="menuStatus" jdbcType="INTEGER" />
    <result column="menuType" property="menuType" jdbcType="INTEGER" />
    <result column="resource" property="resource" jdbcType="VARCHAR" />
  </resultMap>
  <insert id="insert" parameterType="cn.xtesiro.mapps.entity.LrmsNavigation" >
    insert into lrms_navigation (id, menuName, menuSort, 
      menuStatus, menuType, resource
      )
    values (#{id,jdbcType=VARCHAR}, #{menuName,jdbcType=VARCHAR}, #{menuSort,jdbcType=INTEGER}, 
      #{menuStatus,jdbcType=INTEGER}, #{menuType,jdbcType=INTEGER}, #{resource,jdbcType=VARCHAR}
      )
  </insert>
  <insert id="insertSelective" parameterType="cn.xtesiro.mapps.entity.LrmsNavigation" >
    insert into lrms_navigation
    <trim prefix="(" suffix=")" suffixOverrides="," >
      <if test="id != null" >
        id,
      </if>
      <if test="menuName != null" >
        menuName,
      </if>
      <if test="menuSort != null" >
        menuSort,
      </if>
      <if test="menuStatus != null" >
        menuStatus,
      </if>
      <if test="menuType != null" >
        menuType,
      </if>
      <if test="resource != null" >
        resource,
      </if>
    </trim>
    <trim prefix="values (" suffix=")" suffixOverrides="," >
      <if test="id != null" >
        #{id,jdbcType=VARCHAR},
      </if>
      <if test="menuName != null" >
        #{menuName,jdbcType=VARCHAR},
      </if>
      <if test="menuSort != null" >
        #{menuSort,jdbcType=INTEGER},
      </if>
      <if test="menuStatus != null" >
        #{menuStatus,jdbcType=INTEGER},
      </if>
      <if test="menuType != null" >
        #{menuType,jdbcType=INTEGER},
      </if>
      <if test="resource != null" >
        #{resource,jdbcType=VARCHAR},
      </if>
    </trim>
  </insert>
</mapper>