<?xml version="1.0" encoding="UTF-8" ?>
<!DOCTYPE mapper PUBLIC "-//mybatis.org//DTD Mapper 3.0//EN" "http://mybatis.org/dtd/mybatis-3-mapper.dtd" >
<mapper namespace="cn.xtesiro.mapps.mapper.LrmsScoresettingMapper" >
  <resultMap id="BaseResultMap" type="cn.xtesiro.mapps.entity.LrmsScoresetting" >
    <result column="id" property="id" jdbcType="VARCHAR" />
    <result column="score" property="score" jdbcType="DOUBLE" />
  </resultMap>
  <resultMap id="ResultMapWithBLOBs" type="cn.xtesiro.mapps.entity.LrmsScoresetting" extends="BaseResultMap" >
    <result column="changePointRule" property="changePointRule" jdbcType="LONGVARCHAR" />
  </resultMap>
  <sql id="Blob_Column_List" >
    changePointRule
  </sql>
  <insert id="insert" parameterType="cn.xtesiro.mapps.entity.LrmsScoresetting" >
    insert into lrms_scoresetting (id, score, changePointRule
      )
    values (#{id,jdbcType=VARCHAR}, #{score,jdbcType=DOUBLE}, #{changePointRule,jdbcType=LONGVARCHAR}
      )
  </insert>
  <insert id="insertSelective" parameterType="cn.xtesiro.mapps.entity.LrmsScoresetting" >
    insert into lrms_scoresetting
    <trim prefix="(" suffix=")" suffixOverrides="," >
      <if test="id != null" >
        id,
      </if>
      <if test="score != null" >
        score,
      </if>
      <if test="changePointRule != null" >
        changePointRule,
      </if>
    </trim>
    <trim prefix="values (" suffix=")" suffixOverrides="," >
      <if test="id != null" >
        #{id,jdbcType=VARCHAR},
      </if>
      <if test="score != null" >
        #{score,jdbcType=DOUBLE},
      </if>
      <if test="changePointRule != null" >
        #{changePointRule,jdbcType=LONGVARCHAR},
      </if>
    </trim>
  </insert>
</mapper>