<?xml version="1.0" encoding="UTF-8" ?>
<!DOCTYPE mapper PUBLIC "-//mybatis.org//DTD Mapper 3.0//EN" "http://mybatis.org/dtd/mybatis-3-mapper.dtd" >
<mapper namespace="cn.xtesiro.mapps.mapper.LrmsInstrumentappointmentsettingMapper" >
  <resultMap id="BaseResultMap" type="cn.xtesiro.mapps.entity.LrmsInstrumentappointmentsetting" >
    <result column="id" property="id" jdbcType="VARCHAR" />
    <result column="advanceCancellationTime" property="advanceCancellationTime" jdbcType="INTEGER" />
    <result column="allowReservationDay" property="allowReservationDay" jdbcType="INTEGER" />
    <result column="isFriday" property="isFriday" jdbcType="INTEGER" />
    <result column="isMonday" property="isMonday" jdbcType="INTEGER" />
    <result column="isOpen" property="isOpen" jdbcType="INTEGER" />
    <result column="isSaturday" property="isSaturday" jdbcType="INTEGER" />
    <result column="isSunday" property="isSunday" jdbcType="INTEGER" />
    <result column="isThursday" property="isThursday" jdbcType="INTEGER" />
    <result column="isTuesday" property="isTuesday" jdbcType="INTEGER" />
    <result column="isWednesday" property="isWednesday" jdbcType="INTEGER" />
    <result column="mostTimeForEachAppointment" property="mostTimeForEachAppointment" jdbcType="INTEGER" />
    <result column="applicationUnit" property="applicationUnit" jdbcType="INTEGER" />
    <result column="contactEmail" property="contactEmail" jdbcType="INTEGER" />
    <result column="contactName" property="contactName" jdbcType="INTEGER" />
    <result column="contactTel" property="contactTel" jdbcType="INTEGER" />
    <result column="experience" property="experience" jdbcType="INTEGER" />
    <result column="instructorName" property="instructorName" jdbcType="INTEGER" />
    <result column="notes" property="notes" jdbcType="INTEGER" />
    <result column="payAccount" property="payAccount" jdbcType="INTEGER" />
    <result column="sampleName" property="sampleName" jdbcType="INTEGER" />
    <result column="subjectContent" property="subjectContent" jdbcType="INTEGER" />
    <result column="subjectDescription" property="subjectDescription" jdbcType="INTEGER" />
    <result column="subjectName" property="subjectName" jdbcType="INTEGER" />
    <result column="useMethod" property="useMethod" jdbcType="INTEGER" />
    <result column="appointmentEndPeriodH" property="appointmentEndPeriodH" jdbcType="INTEGER" />
    <result column="appointmentEndPeriodM" property="appointmentEndPeriodM" jdbcType="INTEGER" />
    <result column="appointmentStartPeriodH" property="appointmentStartPeriodH" jdbcType="INTEGER" />
    <result column="appointmentStartPeriodM" property="appointmentStartPeriodM" jdbcType="INTEGER" />
    <result column="mostTimeForWeekAppointment" property="mostTimeForWeekAppointment" jdbcType="INTEGER" />
    <result column="lessTimeForEachAppointment" property="lessTimeForEachAppointment" jdbcType="DOUBLE" />
    <result column="appointmentTimeUnits" property="appointmentTimeUnits" jdbcType="DOUBLE" />
  </resultMap>
  <resultMap id="ResultMapWithBLOBs" type="cn.xtesiro.mapps.entity.LrmsInstrumentappointmentsettingWithBLOBs" extends="BaseResultMap" >
    <result column="closeReason" property="closeReason" jdbcType="LONGVARCHAR" />
    <result column="successInfo" property="successInfo" jdbcType="LONGVARCHAR" />
  </resultMap>
  <sql id="Blob_Column_List" >
    closeReason, successInfo
  </sql>
  <insert id="insert" parameterType="cn.xtesiro.mapps.entity.LrmsInstrumentappointmentsettingWithBLOBs" >
    insert into lrms_instrumentappointmentsetting (id, advanceCancellationTime, allowReservationDay, 
      isFriday, isMonday, isOpen, 
      isSaturday, isSunday, isThursday, 
      isTuesday, isWednesday, mostTimeForEachAppointment, 
      applicationUnit, contactEmail, contactName, 
      contactTel, experience, instructorName, 
      notes, payAccount, sampleName, 
      subjectContent, subjectDescription, subjectName, 
      useMethod, appointmentEndPeriodH, appointmentEndPeriodM, 
      appointmentStartPeriodH, appointmentStartPeriodM, 
      mostTimeForWeekAppointment, lessTimeForEachAppointment, 
      appointmentTimeUnits, closeReason, successInfo
      )
    values (#{id,jdbcType=VARCHAR}, #{advanceCancellationTime,jdbcType=INTEGER}, #{allowReservationDay,jdbcType=INTEGER}, 
      #{isFriday,jdbcType=INTEGER}, #{isMonday,jdbcType=INTEGER}, #{isOpen,jdbcType=INTEGER}, 
      #{isSaturday,jdbcType=INTEGER}, #{isSunday,jdbcType=INTEGER}, #{isThursday,jdbcType=INTEGER}, 
      #{isTuesday,jdbcType=INTEGER}, #{isWednesday,jdbcType=INTEGER}, #{mostTimeForEachAppointment,jdbcType=INTEGER}, 
      #{applicationUnit,jdbcType=INTEGER}, #{contactEmail,jdbcType=INTEGER}, #{contactName,jdbcType=INTEGER}, 
      #{contactTel,jdbcType=INTEGER}, #{experience,jdbcType=INTEGER}, #{instructorName,jdbcType=INTEGER}, 
      #{notes,jdbcType=INTEGER}, #{payAccount,jdbcType=INTEGER}, #{sampleName,jdbcType=INTEGER}, 
      #{subjectContent,jdbcType=INTEGER}, #{subjectDescription,jdbcType=INTEGER}, #{subjectName,jdbcType=INTEGER}, 
      #{useMethod,jdbcType=INTEGER}, #{appointmentEndPeriodH,jdbcType=INTEGER}, #{appointmentEndPeriodM,jdbcType=INTEGER}, 
      #{appointmentStartPeriodH,jdbcType=INTEGER}, #{appointmentStartPeriodM,jdbcType=INTEGER}, 
      #{mostTimeForWeekAppointment,jdbcType=INTEGER}, #{lessTimeForEachAppointment,jdbcType=DOUBLE}, 
      #{appointmentTimeUnits,jdbcType=DOUBLE}, #{closeReason,jdbcType=LONGVARCHAR}, #{successInfo,jdbcType=LONGVARCHAR}
      )
  </insert>
  <insert id="insertSelective" parameterType="cn.xtesiro.mapps.entity.LrmsInstrumentappointmentsettingWithBLOBs" >
    insert into lrms_instrumentappointmentsetting
    <trim prefix="(" suffix=")" suffixOverrides="," >
      <if test="id != null" >
        id,
      </if>
      <if test="advanceCancellationTime != null" >
        advanceCancellationTime,
      </if>
      <if test="allowReservationDay != null" >
        allowReservationDay,
      </if>
      <if test="isFriday != null" >
        isFriday,
      </if>
      <if test="isMonday != null" >
        isMonday,
      </if>
      <if test="isOpen != null" >
        isOpen,
      </if>
      <if test="isSaturday != null" >
        isSaturday,
      </if>
      <if test="isSunday != null" >
        isSunday,
      </if>
      <if test="isThursday != null" >
        isThursday,
      </if>
      <if test="isTuesday != null" >
        isTuesday,
      </if>
      <if test="isWednesday != null" >
        isWednesday,
      </if>
      <if test="mostTimeForEachAppointment != null" >
        mostTimeForEachAppointment,
      </if>
      <if test="applicationUnit != null" >
        applicationUnit,
      </if>
      <if test="contactEmail != null" >
        contactEmail,
      </if>
      <if test="contactName != null" >
        contactName,
      </if>
      <if test="contactTel != null" >
        contactTel,
      </if>
      <if test="experience != null" >
        experience,
      </if>
      <if test="instructorName != null" >
        instructorName,
      </if>
      <if test="notes != null" >
        notes,
      </if>
      <if test="payAccount != null" >
        payAccount,
      </if>
      <if test="sampleName != null" >
        sampleName,
      </if>
      <if test="subjectContent != null" >
        subjectContent,
      </if>
      <if test="subjectDescription != null" >
        subjectDescription,
      </if>
      <if test="subjectName != null" >
        subjectName,
      </if>
      <if test="useMethod != null" >
        useMethod,
      </if>
      <if test="appointmentEndPeriodH != null" >
        appointmentEndPeriodH,
      </if>
      <if test="appointmentEndPeriodM != null" >
        appointmentEndPeriodM,
      </if>
      <if test="appointmentStartPeriodH != null" >
        appointmentStartPeriodH,
      </if>
      <if test="appointmentStartPeriodM != null" >
        appointmentStartPeriodM,
      </if>
      <if test="mostTimeForWeekAppointment != null" >
        mostTimeForWeekAppointment,
      </if>
      <if test="lessTimeForEachAppointment != null" >
        lessTimeForEachAppointment,
      </if>
      <if test="appointmentTimeUnits != null" >
        appointmentTimeUnits,
      </if>
      <if test="closeReason != null" >
        closeReason,
      </if>
      <if test="successInfo != null" >
        successInfo,
      </if>
    </trim>
    <trim prefix="values (" suffix=")" suffixOverrides="," >
      <if test="id != null" >
        #{id,jdbcType=VARCHAR},
      </if>
      <if test="advanceCancellationTime != null" >
        #{advanceCancellationTime,jdbcType=INTEGER},
      </if>
      <if test="allowReservationDay != null" >
        #{allowReservationDay,jdbcType=INTEGER},
      </if>
      <if test="isFriday != null" >
        #{isFriday,jdbcType=INTEGER},
      </if>
      <if test="isMonday != null" >
        #{isMonday,jdbcType=INTEGER},
      </if>
      <if test="isOpen != null" >
        #{isOpen,jdbcType=INTEGER},
      </if>
      <if test="isSaturday != null" >
        #{isSaturday,jdbcType=INTEGER},
      </if>
      <if test="isSunday != null" >
        #{isSunday,jdbcType=INTEGER},
      </if>
      <if test="isThursday != null" >
        #{isThursday,jdbcType=INTEGER},
      </if>
      <if test="isTuesday != null" >
        #{isTuesday,jdbcType=INTEGER},
      </if>
      <if test="isWednesday != null" >
        #{isWednesday,jdbcType=INTEGER},
      </if>
      <if test="mostTimeForEachAppointment != null" >
        #{mostTimeForEachAppointment,jdbcType=INTEGER},
      </if>
      <if test="applicationUnit != null" >
        #{applicationUnit,jdbcType=INTEGER},
      </if>
      <if test="contactEmail != null" >
        #{contactEmail,jdbcType=INTEGER},
      </if>
      <if test="contactName != null" >
        #{contactName,jdbcType=INTEGER},
      </if>
      <if test="contactTel != null" >
        #{contactTel,jdbcType=INTEGER},
      </if>
      <if test="experience != null" >
        #{experience,jdbcType=INTEGER},
      </if>
      <if test="instructorName != null" >
        #{instructorName,jdbcType=INTEGER},
      </if>
      <if test="notes != null" >
        #{notes,jdbcType=INTEGER},
      </if>
      <if test="payAccount != null" >
        #{payAccount,jdbcType=INTEGER},
      </if>
      <if test="sampleName != null" >
        #{sampleName,jdbcType=INTEGER},
      </if>
      <if test="subjectContent != null" >
        #{subjectContent,jdbcType=INTEGER},
      </if>
      <if test="subjectDescription != null" >
        #{subjectDescription,jdbcType=INTEGER},
      </if>
      <if test="subjectName != null" >
        #{subjectName,jdbcType=INTEGER},
      </if>
      <if test="useMethod != null" >
        #{useMethod,jdbcType=INTEGER},
      </if>
      <if test="appointmentEndPeriodH != null" >
        #{appointmentEndPeriodH,jdbcType=INTEGER},
      </if>
      <if test="appointmentEndPeriodM != null" >
        #{appointmentEndPeriodM,jdbcType=INTEGER},
      </if>
      <if test="appointmentStartPeriodH != null" >
        #{appointmentStartPeriodH,jdbcType=INTEGER},
      </if>
      <if test="appointmentStartPeriodM != null" >
        #{appointmentStartPeriodM,jdbcType=INTEGER},
      </if>
      <if test="mostTimeForWeekAppointment != null" >
        #{mostTimeForWeekAppointment,jdbcType=INTEGER},
      </if>
      <if test="lessTimeForEachAppointment != null" >
        #{lessTimeForEachAppointment,jdbcType=DOUBLE},
      </if>
      <if test="appointmentTimeUnits != null" >
        #{appointmentTimeUnits,jdbcType=DOUBLE},
      </if>
      <if test="closeReason != null" >
        #{closeReason,jdbcType=LONGVARCHAR},
      </if>
      <if test="successInfo != null" >
        #{successInfo,jdbcType=LONGVARCHAR},
      </if>
    </trim>
  </insert>
</mapper>