<?xml version="1.0" encoding="UTF-8" ?>
<!DOCTYPE mapper PUBLIC "-//mybatis.org//DTD Mapper 3.0//EN" "http://mybatis.org/dtd/mybatis-3-mapper.dtd" >
<mapper namespace="cn.xtesiro.mapps.mapper.LrmsLetterMapper" >
  <resultMap id="BaseResultMap" type="cn.xtesiro.mapps.entity.LrmsLetter" >
    <result column="id" property="id" jdbcType="VARCHAR" />
    <result column="referenceNum" property="referenceNum" jdbcType="INTEGER" />
    <result column="time" property="time" jdbcType="TIMESTAMP" />
    <result column="title" property="title" jdbcType="VARCHAR" />
  </resultMap>
  <resultMap id="ResultMapWithBLOBs" type="cn.xtesiro.mapps.entity.LrmsLetter" extends="BaseResultMap" >
    <result column="content" property="content" jdbcType="LONGVARCHAR" />
  </resultMap>
  <sql id="Blob_Column_List" >
    content
  </sql>
  <insert id="insert" parameterType="cn.xtesiro.mapps.entity.LrmsLetter" >
    insert into lrms_letter (id, referenceNum, time, 
      title, content)
    values (#{id,jdbcType=VARCHAR}, #{referenceNum,jdbcType=INTEGER}, #{time,jdbcType=TIMESTAMP}, 
      #{title,jdbcType=VARCHAR}, #{content,jdbcType=LONGVARCHAR})
  </insert>
  <insert id="insertSelective" parameterType="cn.xtesiro.mapps.entity.LrmsLetter" >
    insert into lrms_letter
    <trim prefix="(" suffix=")" suffixOverrides="," >
      <if test="id != null" >
        id,
      </if>
      <if test="referenceNum != null" >
        referenceNum,
      </if>
      <if test="time != null" >
        time,
      </if>
      <if test="title != null" >
        title,
      </if>
      <if test="content != null" >
        content,
      </if>
    </trim>
    <trim prefix="values (" suffix=")" suffixOverrides="," >
      <if test="id != null" >
        #{id,jdbcType=VARCHAR},
      </if>
      <if test="referenceNum != null" >
        #{referenceNum,jdbcType=INTEGER},
      </if>
      <if test="time != null" >
        #{time,jdbcType=TIMESTAMP},
      </if>
      <if test="title != null" >
        #{title,jdbcType=VARCHAR},
      </if>
      <if test="content != null" >
        #{content,jdbcType=LONGVARCHAR},
      </if>
    </trim>
  </insert>
</mapper>