<?xml version="1.0" encoding="UTF-8" ?>
<!DOCTYPE mapper PUBLIC "-//mybatis.org//DTD Mapper 3.0//EN" "http://mybatis.org/dtd/mybatis-3-mapper.dtd" >
<mapper namespace="cn.xtesiro.mapps.mapper.MajorMapper" >
  <resultMap id="BaseResultMap" type="cn.xtesiro.mapps.entity.Major" >
    <result column="id" property="id" jdbcType="VARCHAR" />
    <result column="major" property="major" jdbcType="VARCHAR" />
  </resultMap>
  <insert id="insert" parameterType="cn.xtesiro.mapps.entity.Major" >
    insert into major (id, major)
    values (#{id,jdbcType=VARCHAR}, #{major,jdbcType=VARCHAR})
  </insert>
  <insert id="insertSelective" parameterType="cn.xtesiro.mapps.entity.Major" >
    insert into major
    <trim prefix="(" suffix=")" suffixOverrides="," >
      <if test="id != null" >
        id,
      </if>
      <if test="major != null" >
        major,
      </if>
    </trim>
    <trim prefix="values (" suffix=")" suffixOverrides="," >
      <if test="id != null" >
        #{id,jdbcType=VARCHAR},
      </if>
      <if test="major != null" >
        #{major,jdbcType=VARCHAR},
      </if>
    </trim>
  </insert>
</mapper>