<?xml version="1.0" encoding="UTF-8" ?>
<!DOCTYPE mapper PUBLIC "-//mybatis.org//DTD Mapper 3.0//EN" "http://mybatis.org/dtd/mybatis-3-mapper.dtd" >
<mapper namespace="cn.xtesiro.mapps.mapper.MonitorMapper" >
  <resultMap id="BaseResultMap" type="cn.xtesiro.mapps.entity.Monitor" >
    <result column="id" property="id" jdbcType="VARCHAR" />
    <result column="location" property="location" jdbcType="VARCHAR" />
    <result column="area" property="area" jdbcType="VARCHAR" />
    <result column="url" property="url" jdbcType="VARCHAR" />
    <result column="note" property="note" jdbcType="VARCHAR" />
  </resultMap>
  <insert id="insert" parameterType="cn.xtesiro.mapps.entity.Monitor" >
    insert into monitor (id, location, area, 
      url, note)
    values (#{id,jdbcType=VARCHAR}, #{location,jdbcType=VARCHAR}, #{area,jdbcType=VARCHAR}, 
      #{url,jdbcType=VARCHAR}, #{note,jdbcType=VARCHAR})
  </insert>
  <insert id="insertSelective" parameterType="cn.xtesiro.mapps.entity.Monitor" >
    insert into monitor
    <trim prefix="(" suffix=")" suffixOverrides="," >
      <if test="id != null" >
        id,
      </if>
      <if test="location != null" >
        location,
      </if>
      <if test="area != null" >
        area,
      </if>
      <if test="url != null" >
        url,
      </if>
      <if test="note != null" >
        note,
      </if>
    </trim>
    <trim prefix="values (" suffix=")" suffixOverrides="," >
      <if test="id != null" >
        #{id,jdbcType=VARCHAR},
      </if>
      <if test="location != null" >
        #{location,jdbcType=VARCHAR},
      </if>
      <if test="area != null" >
        #{area,jdbcType=VARCHAR},
      </if>
      <if test="url != null" >
        #{url,jdbcType=VARCHAR},
      </if>
      <if test="note != null" >
        #{note,jdbcType=VARCHAR},
      </if>
    </trim>
  </insert>
</mapper>