<?xml version="1.0" encoding="UTF-8" ?>
<!DOCTYPE mapper PUBLIC "-//mybatis.org//DTD Mapper 3.0//EN" "http://mybatis.org/dtd/mybatis-3-mapper.dtd" >
<mapper namespace="cn.xtesiro.mapps.mapper.ProjectMapper" >
  <resultMap id="BaseResultMap" type="cn.xtesiro.mapps.entity.Project" >
    <result column="id" property="id" jdbcType="VARCHAR" />
    <result column="project" property="project" jdbcType="VARCHAR" />
    <result column="major_id" property="major_id" jdbcType="VARCHAR" />
  </resultMap>
  <insert id="insert" parameterType="cn.xtesiro.mapps.entity.Project" >
    insert into project (id, project, major_id
      )
    values (#{id,jdbcType=VARCHAR}, #{project,jdbcType=VARCHAR}, #{major_id,jdbcType=VARCHAR}
      )
  </insert>
  <insert id="insertSelective" parameterType="cn.xtesiro.mapps.entity.Project" >
    insert into project
    <trim prefix="(" suffix=")" suffixOverrides="," >
      <if test="id != null" >
        id,
      </if>
      <if test="project != null" >
        project,
      </if>
      <if test="major_id != null" >
        major_id,
      </if>
    </trim>
    <trim prefix="values (" suffix=")" suffixOverrides="," >
      <if test="id != null" >
        #{id,jdbcType=VARCHAR},
      </if>
      <if test="project != null" >
        #{project,jdbcType=VARCHAR},
      </if>
      <if test="major_id != null" >
        #{major_id,jdbcType=VARCHAR},
      </if>
    </trim>
  </insert>
</mapper>