<?xml version="1.0" encoding="UTF-8" ?>
<!DOCTYPE mapper PUBLIC "-//mybatis.org//DTD Mapper 3.0//EN" "http://mybatis.org/dtd/mybatis-3-mapper.dtd" >
<mapper namespace="cn.xtesiro.mapps.mapper.ProjectMemberMapper" >
  <resultMap id="BaseResultMap" type="cn.xtesiro.mapps.entity.ProjectMember" >
    <result column="id" property="id" jdbcType="INTEGER" />
    <result column="project_id" property="project_id" jdbcType="VARCHAR" />
    <result column="member_id" property="member_id" jdbcType="VARCHAR" />
  </resultMap>
  <insert id="insert" parameterType="cn.xtesiro.mapps.entity.ProjectMember" >
    insert into project_member (id, project_id, member_id
      )
    values (#{id,jdbcType=INTEGER}, #{project_id,jdbcType=VARCHAR}, #{member_id,jdbcType=VARCHAR}
      )
  </insert>
  <insert id="insertSelective" parameterType="cn.xtesiro.mapps.entity.ProjectMember" >
    insert into project_member
    <trim prefix="(" suffix=")" suffixOverrides="," >
      <if test="id != null" >
        id,
      </if>
      <if test="project_id != null" >
        project_id,
      </if>
      <if test="member_id != null" >
        member_id,
      </if>
    </trim>
    <trim prefix="values (" suffix=")" suffixOverrides="," >
      <if test="id != null" >
        #{id,jdbcType=INTEGER},
      </if>
      <if test="project_id != null" >
        #{project_id,jdbcType=VARCHAR},
      </if>
      <if test="member_id != null" >
        #{member_id,jdbcType=VARCHAR},
      </if>
    </trim>
  </insert>
</mapper>