<?xml version="1.0" encoding="UTF-8" ?>
<!DOCTYPE mapper PUBLIC "-//mybatis.org//DTD Mapper 3.0//EN" "http://mybatis.org/dtd/mybatis-3-mapper.dtd" >
<mapper namespace="cn.xtesiro.mapps.mapper.StudentMapper" >
  <resultMap id="BaseResultMap" type="cn.xtesiro.mapps.entity.Student" >
    <result column="id" property="id" jdbcType="VARCHAR" />
    <result column="teacher_id" property="teacher_id" jdbcType="VARCHAR" />
    <result column="student_id" property="student_id" jdbcType="VARCHAR" />
  </resultMap>
  <insert id="insert" parameterType="cn.xtesiro.mapps.entity.Student" >
    insert into student (id, teacher_id, student_id
      )
    values (#{id,jdbcType=VARCHAR}, #{teacher_id,jdbcType=VARCHAR}, #{student_id,jdbcType=VARCHAR}
      )
  </insert>
  <insert id="insertSelective" parameterType="cn.xtesiro.mapps.entity.Student" >
    insert into student
    <trim prefix="(" suffix=")" suffixOverrides="," >
      <if test="id != null" >
        id,
      </if>
      <if test="teacher_id != null" >
        teacher_id,
      </if>
      <if test="student_id != null" >
        student_id,
      </if>
    </trim>
    <trim prefix="values (" suffix=")" suffixOverrides="," >
      <if test="id != null" >
        #{id,jdbcType=VARCHAR},
      </if>
      <if test="teacher_id != null" >
        #{teacher_id,jdbcType=VARCHAR},
      </if>
      <if test="student_id != null" >
        #{student_id,jdbcType=VARCHAR},
      </if>
    </trim>
  </insert>
</mapper>